"","date","GPP_mean","GPP_se_mean","GPP_sd","GPP_2.5pct","GPP_25pct","GPP_50pct","GPP_75pct","GPP_97.5pct","GPP_n_eff","GPP_Rhat","ER_mean","ER_se_mean","ER_sd","ER_2.5pct","ER_25pct","ER_50pct","ER_75pct","ER_97.5pct","ER_n_eff","ER_Rhat","DO_R2_mean","DO_R2_se_mean","DO_R2_sd","DO_R2_2.5pct","DO_R2_25pct","DO_R2_50pct","DO_R2_75pct","DO_R2_97.5pct","DO_R2_n_eff","DO_R2_Rhat","GPP_daily_mean","GPP_daily_se_mean","GPP_daily_sd","GPP_daily_2.5pct","GPP_daily_25pct","GPP_daily_50pct","GPP_daily_75pct","GPP_daily_97.5pct","GPP_daily_n_eff","GPP_daily_Rhat","ER_daily_mean","ER_daily_se_mean","ER_daily_sd","ER_daily_2.5pct","ER_daily_25pct","ER_daily_50pct","ER_daily_75pct","ER_daily_97.5pct","ER_daily_n_eff","ER_daily_Rhat","K600_daily_mean","K600_daily_se_mean","K600_daily_sd","K600_daily_2.5pct","K600_daily_25pct","K600_daily_50pct","K600_daily_75pct","K600_daily_97.5pct","K600_daily_n_eff","K600_daily_Rhat","valid_day","warnings","errors"
"1",2022-07-28,NA,NA,NA,NA,NA,NA,NA,NA,NA,NA,NA,NA,NA,NA,NA,NA,NA,NA,NA,NA,NA,NA,NA,NA,NA,NA,NA,NA,NA,NA,NA,NA,NA,NA,NA,NA,NA,NA,NA,NA,NA,NA,NA,NA,NA,NA,NA,NA,NA,NA,NA,NA,NA,NA,NA,NA,NA,NA,NA,NA,FALSE,"","data don't start when expected"
"2",2022-07-29,0.893872442569979,0.0150373202371695,0.0877026270610377,0.726836171813476,0.837592925757851,0.889230317508042,0.947314075591044,1.07554561112011,34.0160834079652,1.12176005307193,-1.9185610959118,0.0268599280675852,0.144089963695356,-2.22578913731823,-2.0077764184194,-1.90914508373103,-1.82771993478535,-1.64190887495477,28.7778121478597,1.14725816232194,0.999993490873496,1.62632337420745e-06,4.12169792994763e-06,0.999981533028814,0.999991860908452,0.999994126213882,0.999996697184365,0.999998274711611,6.4230087322892,1.63863542461748,0.89387244256985,0.0150373202371675,0.087702627061025,0.726836171813371,0.83759292575773,0.889230317507914,0.947314075590908,1.07554561111996,34.0160834079643,1.12176005307193,-1.9185610959118,0.0268599280675852,0.144089963695356,-2.22578913731823,-2.0077764184194,-1.90914508373104,-1.82771993478535,-1.64190887495477,28.7778121478597,1.14725816232194,20.0700274520472,0.208897819634782,1.03334221459703,18.1254565505287,19.4078189476248,19.9863591583084,20.669512998802,22.4176748457538,24.469242746829,1.18350452392534,TRUE,"",""
"3",2022-07-30,0.902366468703159,0.0112791796040221,0.0901249685322899,0.728584558540071,0.845575612086039,0.903062154608347,0.957756571542875,1.09302845338867,63.8462255453171,1.05705332442782,-1.70218799706252,0.0185306128797703,0.138968096473506,-1.99783297885695,-1.78528269540087,-1.69844638586321,-1.61277795108146,-1.43966362005649,56.2406913637616,1.06528268288146,0.999990355581818,2.44662323908827e-06,6.12428132334175e-06,0.999973082221473,0.999987822310493,0.999991218756483,0.999995136049801,0.999997512522969,6.26579340345493,1.63452814439981,0.902366468703028,0.0112791796040203,0.0901249685322769,0.728584558539966,0.845575612085916,0.903062154608216,0.957756571542736,1.09302845338852,63.846225545318,1.05705332442782,-1.70218799706252,0.0185306128797703,0.138968096473506,-1.99783297885695,-1.78528269540087,-1.69844638586321,-1.61277795108146,-1.43966362005649,56.2406913637615,1.06528268288146,20.1605686374237,0.176090483992719,1.06849943665617,18.0485063505477,19.5037065958266,20.0693518457174,20.7781925461308,22.5860210959089,36.8194096406517,1.11347252394076,TRUE,"",""
"4",2022-07-31,0.928444035119675,0.0160205101003887,0.0889367328740602,0.75767576281455,0.87036766101079,0.924040533974029,0.982629807817921,1.12469690588072,30.8183698384063,1.12196164919827,-1.75670573809971,0.0243060177648236,0.133747993088802,-2.04932518449274,-1.8348738269893,-1.75147519869596,-1.66855698037349,-1.50809229242684,30.279376365889,1.12702396822222,0.999992896652917,1.81641011507209e-06,4.49094851538464e-06,0.999980049344108,0.999991196759966,0.999993473803868,0.999996397331519,0.999998117981049,6.11291460919822,1.64453266857031,0.928444035119541,0.0160205101003864,0.0889367328740473,0.757675762814441,0.870367661010664,0.924040533973896,0.982629807817779,1.12469690588056,30.8183698384064,1.12196164919827,-1.75670573809971,0.0243060177648236,0.133747993088802,-2.04932518449274,-1.8348738269893,-1.75147519869596,-1.66855698037349,-1.50809229242684,30.279376365889,1.12702396822222,20.1198175722697,0.218737451293589,1.04225124993776,18.1537224189442,19.4872688935759,20.0180539557452,20.7047535858727,22.4544341247501,22.7038001031834,1.17590089139806,TRUE,"",""
"5",2022-08-01,0.884861048249303,0.0107830253588967,0.0748512572380952,0.743865114706368,0.835389164013033,0.88355379372328,0.929123087609221,1.03544201314069,48.1855638830674,1.09542932655212,-2.0282908424101,0.0225215652729662,0.136495033187898,-2.3229572254529,-2.11134108482748,-2.02427851999701,-1.93921977091855,-1.77542683506789,36.7313215974529,1.11140316370509,0.999980465752881,4.98112273260668e-06,1.27776486204826e-05,0.999944415502985,0.999975750341575,0.999982498903798,0.99999038243939,0.999994910022369,6.58032580233694,1.61469761235264,0.884861048249175,0.0107830253588953,0.0748512572380844,0.74386511470626,0.835389164012912,0.883553793723152,0.929123087609087,1.03544201314054,48.1855638830661,1.09542932655212,-2.0282908424101,0.0225215652729662,0.136495033187898,-2.3229572254529,-2.11134108482748,-2.02427851999701,-1.93921977091855,-1.7754268350679,36.7313215974529,1.11140316370509,20.1331541576674,0.180413580443908,0.999772896427693,18.1594607429669,19.5518837513269,20.066064814512,20.6909219364439,22.420716930107,30.708900477237,1.12917340401268,TRUE,"",""
"6",2022-08-02,0.683587210520798,0.0087834269055996,0.0756373641495074,0.538469580968467,0.632805332035678,0.681015623125582,0.732787887252679,0.840238821975746,74.1557426846009,1.05924831339559,-1.72847076105744,0.0177881289787528,0.131688007094457,-2.00654051493457,-1.80860025903844,-1.72806638145028,-1.64380649207889,-1.4747164495642,54.8064801338443,1.07681328472344,0.999988476928215,2.87678979213522e-06,7.26847738897821e-06,0.999968255859491,0.999985567431905,0.999989565005346,0.999994217165212,0.999997044924598,6.38367295648133,1.65872717446567,0.683587210520699,0.00878342690559827,0.0756373641494964,0.538469580968389,0.632805332035587,0.681015623125484,0.732787887252573,0.840238821975625,74.1557426846019,1.05924831339559,-1.72847076105744,0.0177881289787528,0.131688007094457,-2.00654051493457,-1.80860025903843,-1.72806638145028,-1.64380649207889,-1.4747164495642,54.8064801338443,1.07681328472344,20.2323267273227,0.179140938662027,1.02028208918693,18.2424467509686,19.6334616703551,20.1340761234226,20.7833679903015,22.5106046833566,32.4377583819012,1.12294518525902,TRUE,"",""
"7",2022-08-03,0.703405129578493,0.0118633372917539,0.0869961492937005,0.543940365982606,0.649092050952697,0.69785915624277,0.753527782588296,0.882129366064242,53.7757286114194,1.07746941675168,-1.63616348960139,0.0215084434910362,0.14357673828858,-1.93733115935375,-1.72181533591007,-1.62491010009035,-1.54822238996332,-1.35988721342588,44.5605148934733,1.09842642402186,0.999993669861116,1.63804436220805e-06,4.03385194951982e-06,0.999982469822311,0.999992021877911,0.999994322035149,0.999996815534195,0.999998364029295,6.06441049581483,1.63817198108518,0.703405129578391,0.0118633372917522,0.086996149293688,0.543940365982527,0.649092050952603,0.697859156242669,0.753527782588187,0.882129366064115,53.7757286114194,1.07746941675168,-1.63616348960139,0.0215084434910362,0.14357673828858,-1.93733115935375,-1.72181533591007,-1.62491010009035,-1.54822238996332,-1.35988721342588,44.5605148934733,1.09842642402186,20.2614685677049,0.19897413483254,1.13063818094681,18.1251092373195,19.5807570742894,20.1466594296923,20.8618274896281,22.751539247988,32.288959067394,1.13971801601248,TRUE,"",""
"8",2022-08-04,0.672740658360404,0.0108132142140603,0.0772974840593488,0.534239453898487,0.622566686376389,0.668502896235283,0.717223136535599,0.843087139390506,51.1000239309814,1.07867984596195,-1.45989165463842,0.0201494065118365,0.128406467110638,-1.75707138172008,-1.52818971580445,-1.45214788925221,-1.37762192513577,-1.22572692970609,40.6115230328302,1.09675675195774,0.999985120782306,3.74423291648959e-06,9.41376419084725e-06,0.999959120669545,0.999981234523534,0.999986403576895,0.999992477725292,0.999996224940077,6.32122016256434,1.64560704360921,0.672740658360307,0.0108132142140587,0.0772974840593377,0.53423945389841,0.622566686376299,0.668502896235186,0.717223136535495,0.843087139390384,51.1000239309817,1.07867984596195,-1.45989165463842,0.0201494065118365,0.128406467110638,-1.75707138172008,-1.52818971580445,-1.45214788925221,-1.37762192513577,-1.22572692970609,40.6115230328302,1.09675675195774,20.2860552681374,0.223430286849154,1.14706155907865,18.3675526668857,19.5979495119889,20.141594191053,20.8306430577046,22.9764207327661,26.356598766137,1.1455221789393,TRUE,"",""
"9",2022-08-05,0.661372271353953,0.0108322347773766,0.0779157472472387,0.51673062705871,0.608224898004863,0.656901457015624,0.714378757696309,0.824245050353986,51.7385617158938,1.08445484238704,-1.41485498212388,0.0183186515440863,0.122306878779575,-1.67050184402782,-1.49516816598599,-1.40631359122106,-1.32945323724229,-1.19185823860324,44.5774029696015,1.09083793801657,0.999993525069493,1.63169378940395e-06,4.13351674545286e-06,0.99998139836997,0.999991866399266,0.999994158769936,0.999996795918922,0.999998249942754,6.41744391233482,1.64077536321818,0.661372271353858,0.0108322347773752,0.0779157472472275,0.516730627058635,0.608224898004775,0.656901457015529,0.714378757696206,0.824245050353867,51.7385617158924,1.08445484238704,-1.41485498212388,0.0183186515440861,0.122306878779575,-1.67050184402781,-1.49516816598599,-1.40631359122106,-1.32945323724229,-1.19185823860324,44.5774029696023,1.09083793801657,20.1085516028434,0.191679487741045,1.03422948027459,18.1146736082895,19.4753527585761,19.9781484550139,20.6905849332681,22.5023396885259,29.1127040727527,1.13615911825759,TRUE,"",""
"10",2022-08-06,0.695991254237263,0.0117333032778938,0.0771898908947979,0.543496543897763,0.646595048374065,0.695522039773354,0.747409560488206,0.845268911616362,43.2793033568095,1.10574265282967,-1.34388569739093,0.0175941164520352,0.111988252136133,-1.56510097528867,-1.4185522806246,-1.34090354710981,-1.2699867026418,-1.12848987102739,40.5144556876821,1.1128909262022,0.999994135088965,1.48131067270693e-06,3.77638886235468e-06,0.999983079547594,0.999992685727975,0.999994736015978,0.999997103383846,0.999998464800237,6.4992181179018,1.63462954335548,0.695991254237163,0.0117333032778923,0.0771898908947867,0.543496543897684,0.646595048373972,0.695522039773254,0.747409560488098,0.845268911616239,43.2793033568084,1.10574265282967,-1.34388569739093,0.0175941164520352,0.111988252136133,-1.56510097528867,-1.4185522806246,-1.34090354710981,-1.2699867026418,-1.12848987102739,40.5144556876825,1.1128909262022,20.0731722990493,0.192195250240253,0.998985617332989,18.1551076257481,19.5053804193917,19.9992801151366,20.6276681736626,22.2298786506102,27.0167540972237,1.1693903326414,TRUE,"",""
"11",2022-08-07,0.664238152182706,0.0105780507021434,0.0815747102668158,0.47802541788148,0.613332175064847,0.665765706647939,0.716607047081144,0.825058484904415,59.4702537081771,1.11309500053744,-1.29683243595062,0.0152643085511532,0.118129497646511,-1.5361832869163,-1.37000519171895,-1.29636901031482,-1.22558800351257,-1.03604950610441,59.8911209666524,1.11159539079082,0.999994993259073,1.28668148117646e-06,3.24023516743607e-06,0.999986076544106,0.999993722394624,0.999995439418935,0.999997571533406,0.999998682134791,6.34177693097465,1.62504017672506,0.66423815218261,0.0105780507021419,0.081574710266804,0.478025417881411,0.613332175064758,0.665765706647842,0.716607047081041,0.825058484904295,59.470253708177,1.11309500053744,-1.29683243595062,0.0152643085511532,0.118129497646511,-1.5361832869163,-1.37000519171895,-1.29636901031482,-1.22558800351258,-1.03604950610441,59.8911209666526,1.11159539079082,19.8727264863828,0.184415359545982,0.999514168670159,17.8630383164519,19.3097988306108,19.8218805755577,20.4433300908045,22.0112134793344,29.375396036083,1.19256305181498,TRUE,"",""
"12",2022-08-08,0.728548054366837,0.00859933780616479,0.0765112482228922,0.572547211204892,0.679014617664121,0.726136340286775,0.779314671385163,0.880085440208581,79.1626921567847,1.08396577130773,-1.47020404030929,0.0140117496865269,0.113815963169774,-1.70324646053358,-1.54014071825894,-1.466145239032,-1.39917855260724,-1.23827198723713,65.9814135574758,1.10387711433197,0.99999498480799,1.27065660685911e-06,3.18851263327807e-06,0.999985747538796,0.999993718851629,0.999995482443342,0.999997521055175,0.999998693104496,6.29679980908787,1.65929460369828,0.728548054366732,0.00859933780616355,0.0765112482228811,0.572547211204809,0.679014617664022,0.72613634028667,0.77931467138505,0.880085440208454,79.1626921567847,1.08396577130773,-1.47020404030929,0.0140117496865269,0.113815963169774,-1.70324646053358,-1.54014071825894,-1.466145239032,-1.39917855260724,-1.23827198723713,65.981413557476,1.10387711433197,19.8722242741226,0.151915378087129,0.96556852490235,17.8328736823981,19.3376699303584,19.8376890599266,20.4126041650804,21.8865465087534,40.3982658790768,1.14373494317278,TRUE,"",""
"13",2022-08-09,0.715954648977525,0.00948790366834302,0.0653553593535187,0.585973090413956,0.671329446280119,0.715796916462407,0.759746966382096,0.841951669462849,47.4484336990122,1.09963797791278,-1.54968716347345,0.0178596423497534,0.111604737730996,-1.75715012472802,-1.62705574015457,-1.54999195479955,-1.47538335095247,-1.32584082552844,39.049883916386,1.11967711116122,0.999985852797871,3.54798129131559e-06,9.11601271296603e-06,0.99996035471432,0.999982360924815,0.99998717328828,0.99999298675192,0.999996263002108,6.60156953502681,1.61982687255519,0.715954648977422,0.00948790366834162,0.0653553593535092,0.585973090413871,0.671329446280022,0.715796916462304,0.759746966381986,0.841951669462727,47.4484336990124,1.09963797791278,-1.54968716347345,0.0178596423497534,0.111604737730996,-1.75715012472802,-1.62705574015457,-1.54999195479955,-1.47538335095247,-1.32584082552844,39.049883916386,1.11967711116122,19.7395584210622,0.16783039320718,0.947216808184113,17.7926102033799,19.1629813016998,19.7265159374906,20.305104381653,21.7129120782739,31.8535299962486,1.15759926908826,TRUE,"",""
"14",2022-08-10,NA,NA,NA,NA,NA,NA,NA,NA,NA,NA,NA,NA,NA,NA,NA,NA,NA,NA,NA,NA,NA,NA,NA,NA,NA,NA,NA,NA,NA,NA,NA,NA,NA,NA,NA,NA,NA,NA,NA,NA,NA,NA,NA,NA,NA,NA,NA,NA,NA,NA,NA,NA,NA,NA,NA,NA,NA,NA,NA,NA,FALSE,"","data don't end when expected"
"15",2022-08-11,NA,NA,NA,NA,NA,NA,NA,NA,NA,NA,NA,NA,NA,NA,NA,NA,NA,NA,NA,NA,NA,NA,NA,NA,NA,NA,NA,NA,NA,NA,NA,NA,NA,NA,NA,NA,NA,NA,NA,NA,NA,NA,NA,NA,NA,NA,NA,NA,NA,NA,NA,NA,NA,NA,NA,NA,NA,NA,NA,NA,FALSE,"","data don't start when expected"
"16",2022-08-12,0.900689175904974,0.00930218564309688,0.0813990912681728,0.730229463520608,0.850607591412699,0.900076313952567,0.948783540788434,1.06699036002265,76.5718443895032,1.04640997572308,-1.66203115874034,0.0141794055910158,0.125209193849734,-1.92016774864651,-1.73987122042144,-1.66206481955013,-1.58545440445779,-1.40615323993896,77.9751803767226,1.04380640506715,0.999992545454544,1.89132740671603e-06,4.80166196524961e-06,0.999978882916878,0.999990761134512,0.999993211291604,0.999996311578327,0.999998087421902,6.44539790599075,1.6346323798176,0.900689175904844,0.00930218564309557,0.081399091268161,0.730229463520503,0.850607591412577,0.900076313952437,0.948783540788297,1.0669903600225,76.5718443895026,1.04640997572308,-1.66203115874034,0.0141794055910158,0.125209193849734,-1.92016774864651,-1.73987122042144,-1.66206481955013,-1.58545440445779,-1.40615323993896,77.9751803767226,1.04380640506715,20.01010734088,0.146908415882693,0.954770708614482,18.0432756539895,19.4668978421709,19.953702823891,20.5523376904511,22.0457956098616,42.2381435799794,1.09077174927742,TRUE,"",""
"17",2022-08-13,0.719565553913187,0.00887655448033231,0.0731749050427433,0.579812148016771,0.671047027498341,0.719671770451075,0.765228533904328,0.865778082221192,67.9572019764353,1.06544727374858,-1.76249414777822,0.0169193167631825,0.130237682422563,-2.03476989087786,-1.83894440530505,-1.76215567913046,-1.67944979927663,-1.51020123308214,59.252636030113,1.07493574633483,0.999989240337989,2.70404127601052e-06,6.82217967721903e-06,0.999969478457222,0.999986514653279,0.999990202385154,0.999994674905588,0.999997161449448,6.36531167231867,1.64660792424361,0.719565553913083,0.00887655448033096,0.0731749050427327,0.579812148016688,0.671047027498245,0.719671770450971,0.765228533904218,0.865778082221067,67.9572019764365,1.06544727374858,-1.76249414777822,0.0169193167631825,0.130237682422563,-2.03476989087786,-1.83894440530505,-1.76215567913046,-1.67944979927663,-1.51020123308214,59.252636030113,1.07493574633483,20.0985726982857,0.172398329002814,1.00306684201083,18.1399901332422,19.5187542254277,20.0028280371878,20.6288918684114,22.3959885347974,33.8527258825799,1.12753930201921,TRUE,"",""
"18",2022-08-14,0.785436983104888,0.00998283513685271,0.0778548511450242,0.638361223144763,0.734824932371619,0.782616677332551,0.831682569049064,0.952383091750513,60.8224009031204,1.08638195426864,-1.85473212224095,0.0180623144299648,0.131626088156042,-2.14502985773406,-1.93023994782544,-1.84858531612944,-1.76875579143115,-1.59419875161895,53.1052126943791,1.10502648669575,0.999993751187718,1.56257552053334e-06,4.03059708674588e-06,0.999982336773855,0.999992202472142,0.999994336645897,0.999996959437269,0.999998344410706,6.65360079948122,1.60671831705616,0.785436983104774,0.00998283513685134,0.077854851145013,0.638361223144671,0.734824932371513,0.782616677332438,0.831682569048943,0.952383091750375,60.8224009031195,1.08638195426864,-1.85473212224095,0.0180623144299648,0.131626088156042,-2.14502985773406,-1.93023994782545,-1.84858531612944,-1.76875579143115,-1.59419875161895,53.1052126943791,1.10502648669575,20.0981595605885,0.160453247921292,1.00599409922415,17.9765428655259,19.5503496449323,19.9954314830342,20.6328167095232,22.5308637800024,39.3091670626634,1.13754780082192,TRUE,"",""
"19",2022-08-15,0.768532486229695,0.0100819135010435,0.0740068706581713,0.627795248220322,0.720699277165483,0.765956318869861,0.814067225306886,0.924774372863836,53.8837915369829,1.06051314025283,-2.04433995895566,0.0217335591952475,0.13814548989107,-2.3390476543162,-2.12663192510426,-2.03959775452938,-1.95623888268152,-1.77865892631544,40.4028231908166,1.08346382759311,0.999993612325405,1.6238688971844e-06,4.10636262537311e-06,0.999982487404752,0.999991994968162,0.999994225082787,0.999996812004161,0.999998343371359,6.39458949261951,1.62046767095221,0.768532486229584,0.0100819135010419,0.0740068706581607,0.627795248220231,0.720699277165378,0.76595631886975,0.814067225306769,0.924774372863703,53.8837915369835,1.06051314025283,-2.04433995895566,0.0217335591952475,0.13814548989107,-2.3390476543162,-2.12663192510426,-2.03959775452938,-1.95623888268152,-1.77865892631544,40.4028231908166,1.08346382759311,20.1656612798354,0.182726125276721,1.01585765280027,18.1639573129026,19.5610954435846,20.0785101113762,20.7794922030425,22.2965635848711,30.9075388017213,1.1179351375075,TRUE,"",""
"20",2022-08-16,0.828427984058197,0.011135804465476,0.0785429968004859,0.676158388114148,0.777332633730486,0.826174546707326,0.876355359068758,0.989590334296566,49.7475551776013,1.0782366625128,-2.12849496454415,0.0241063523299215,0.148240807291174,-2.44076148280462,-2.21604927781065,-2.12393250265167,-2.03465051078982,-1.84481277107947,37.8157347698266,1.10265400861492,0.999993271521629,1.68725765000027e-06,4.22931875036674e-06,0.999981129490018,0.999991500451294,0.999993867233572,0.99999663891234,0.999998236284286,6.28315862033919,1.65249817447841,0.828427984058077,0.0111358044654744,0.0785429968004746,0.676158388114051,0.777332633730374,0.826174546707207,0.876355359068631,0.989590334296423,49.7475551776017,1.0782366625128,-2.12849496454415,0.0241063523299215,0.148240807291174,-2.44076148280462,-2.21604927781065,-2.12393250265166,-2.03465051078982,-1.84481277107948,37.8157347698265,1.10265400861492,20.1370192883554,0.175316880439199,1.02973015817066,18.1241675521058,19.5290936824003,20.0383186556575,20.7120477546972,22.4946707382928,34.4984351607367,1.11549421590575,TRUE,"",""
"21",2022-08-17,0.872857381299502,0.0113225868371536,0.0809207468095213,0.710259253518178,0.819073912499026,0.871931560109468,0.925938546211213,1.03153742157622,51.0773602342776,1.0897717636669,-2.10832923669444,0.0230129195657168,0.14445105754308,-2.39931850924598,-2.19778043551676,-2.10572461988635,-2.01485582208274,-1.81668727180143,39.4001624411819,1.10235886085991,0.999993143156871,1.74560940984611e-06,4.40379787429092e-06,0.99998086408465,0.999991379796147,0.999993728261436,0.999996654161085,0.99999823374565,6.36444600399998,1.6356177909456,0.872857381299376,0.011322586837152,0.0809207468095096,0.710259253518076,0.819073912498907,0.871931560109342,0.925938546211079,1.03153742157607,51.0773602342775,1.0897717636669,-2.10832923669444,0.0230129195657168,0.14445105754308,-2.39931850924598,-2.19778043551676,-2.10572461988635,-2.01485582208274,-1.81668727180143,39.4001624411819,1.10235886085991,20.2497115880031,0.194037362052426,1.06219286355867,18.1569422701456,19.5928303974636,20.1839002836665,20.8456331881544,22.5558944644968,29.9665009270997,1.14286028865373,TRUE,"",""
"22",2022-08-18,0.965269249011161,0.014520051815924,0.0875865097218094,0.805686549058336,0.905753811230447,0.960391805086137,1.0189000766158,1.15331090464489,36.3863177862665,1.10823396376184,-2.0000100816247,0.0265692922691249,0.150599558581066,-2.33438081867224,-2.09090860024796,-1.98601302845308,-1.90051776174525,-1.73004799300154,32.1282762574121,1.11969027300437,0.999986452143428,3.43034415884617e-06,8.74651980689323e-06,0.999961398879204,0.999983230723367,0.999987721563658,0.999993319383724,0.999996492714619,6.50122474715836,1.6366170519725,0.965269249011022,0.0145200518159219,0.0875865097217967,0.805686549058219,0.905753811230316,0.960391805085998,1.01890007661565,1.15331090464473,36.3863177862664,1.10823396376184,-2.0000100816247,0.0265692922691249,0.150599558581066,-2.33438081867224,-2.09090860024796,-1.98601302845308,-1.90051776174526,-1.73004799300154,32.1282762574122,1.11969027300437,20.4394472144255,0.215284309661529,1.15871729423243,18.3038049455802,19.7044454386365,20.2686605731994,21.0965617351267,23.0827589951611,28.9687809949564,1.12991100381127,TRUE,"",""
"23",2022-08-19,0.986477798489722,0.00810360040683711,0.0754733995457748,0.843203838167803,0.93798119447387,0.9848208250769,1.03154123349121,1.14173707419184,86.7424709945484,1.05453531953717,-1.9473693759787,0.0153247584377645,0.12474986755141,-2.20706203022821,-2.02275417904468,-1.94407036784852,-1.86588060106632,-1.70607161553127,66.2663288492298,1.0756036156139,0.999985564713837,3.64000844577726e-06,9.27581190750851e-06,0.999959688448751,0.999981775520434,0.99998689241287,0.999992882805779,0.999996226671195,6.49380262573065,1.61724569051452,0.986477798489579,0.00810360040683593,0.0754733995457639,0.843203838167682,0.937981194473734,0.984820825076758,1.03154123349106,1.14173707419167,86.7424709945485,1.05453531953717,-1.9473693759787,0.0153247584377644,0.12474986755141,-2.20706203022821,-2.02275417904468,-1.94407036784851,-1.86588060106632,-1.70607161553127,66.2663288492299,1.0756036156139,20.0230692576183,0.155085221328694,0.945309980045742,18.0651433232602,19.4966720680847,19.977603119309,20.5725199635632,22.0495328898065,37.1541780114961,1.12596580368843,TRUE,"",""
"24",2022-08-20,0.729745136192557,0.00876749308712732,0.0746229177391831,0.576666260128296,0.684548228196749,0.73077506436389,0.778433694451162,0.880181974967426,72.4425263538636,1.05956287765876,-1.76038239014688,0.0172645756941752,0.132850704943884,-2.02946105110557,-1.84058889484367,-1.75856839553459,-1.67818997979024,-1.48207293218354,59.2128422385804,1.07265593002727,0.999982991632191,4.40672922596929e-06,1.07922054521824e-05,0.999952123490646,0.999978530716549,0.999984605184461,0.99999165215125,0.999995616520815,5.99774057825206,1.68015245832258,0.729745136192452,0.00876749308712608,0.0746229177391723,0.576666260128213,0.68454822819665,0.730775064363785,0.77843369445105,0.880181974967298,72.4425263538633,1.05956287765875,-1.76038239014688,0.0172645756941752,0.132850704943884,-2.02946105110557,-1.84058889484367,-1.75856839553458,-1.67818997979024,-1.48207293218355,59.2128422385804,1.07265593002727,20.0903706264775,0.168622696131732,1.02978398320355,17.9354830583429,19.5137474645416,20.0411144304766,20.6547688418283,22.3948148604259,37.2958240584089,1.12661010768033,TRUE,"",""
"25",2022-08-21,0.766850706741318,0.0123808728773079,0.0741326223493844,0.622500457159733,0.719803262189503,0.763767256748541,0.811783248315463,0.921929891210306,35.8522319259518,1.11223921197436,-1.78574719065364,0.0230295627384125,0.127327229851761,-2.0639689651741,-1.86310247949654,-1.78323067772586,-1.70539085377294,-1.54465467895187,30.5682936725802,1.13216533608625,0.999987832203723,3.05833709196453e-06,7.75291654808163e-06,0.999965944402865,0.999984792482195,0.999988908408071,0.999994000308937,0.999996945402544,6.42627808162074,1.63002190024786,0.766850706741208,0.0123808728773061,0.0741326223493737,0.622500457159643,0.719803262189399,0.763767256748431,0.811783248315346,0.921929891210172,35.8522319259521,1.11223921197436,-1.78574719065364,0.0230295627384125,0.127327229851761,-2.0639689651741,-1.86310247949654,-1.78323067772586,-1.70539085377294,-1.54465467895187,30.5682936725802,1.13216533608625,20.0529976323695,0.182968804990695,0.977473993969821,18.1379852570637,19.5087251562374,19.9744148894558,20.5870167278594,22.2793904645698,28.5401545198507,1.1487507205815,TRUE,"",""
"26",2022-08-22,0.728122244780867,0.0119461584487571,0.0732353385526424,0.595792969736958,0.679468334908663,0.723540229615707,0.772598857796456,0.885202348618022,37.5824289956957,1.10652110390329,-1.59780384193306,0.0225473475163848,0.126792090634536,-1.8653770444469,-1.67321461853892,-1.58713002165437,-1.51463050335249,-1.37221662553391,31.6222966569954,1.12212340001189,0.999968495581478,8.08087833437105e-06,2.06699690254879e-05,0.999910246639349,0.99996115883634,0.999971523060988,0.999984540190116,0.9999917809536,6.54278298340919,1.60590413196861,0.728122244780762,0.0119461584487554,0.0732353385526319,0.595792969736872,0.679468334908565,0.723540229615602,0.772598857796344,0.885202348617895,37.5824289956959,1.10652110390329,-1.59780384193306,0.0225473475163848,0.126792090634536,-1.8653770444469,-1.67321461853892,-1.58713002165437,-1.51463050335249,-1.37221662553391,31.6222966569953,1.12212340001189,20.2946700333992,0.206098342725837,1.07660066152378,18.3016783279291,19.6634297292477,20.1625007687444,20.8605150619042,22.8158452407979,27.2872824047613,1.14254000345415,TRUE,"",""
"27",2022-08-23,0.641028822115803,0.0101961587656356,0.0681873203520933,0.514300692497643,0.595347000458071,0.640193615682276,0.68544280378032,0.778603048951918,44.7233234270105,1.09220270002755,-1.52528700681645,0.0178392438132174,0.117247009049535,-1.77659374576746,-1.59724602102205,-1.52144973130215,-1.44880324657944,-1.30321766464574,43.1967092445184,1.09685448981624,0.999973594510327,6.74143175478886e-06,1.71707296484554e-05,0.999925712968502,0.999967072693926,0.999976012457696,0.999986958048783,0.999993220977558,6.48743793322959,1.59964913485687,0.64102882211571,0.0101961587656341,0.0681873203520835,0.514300692497569,0.595347000457985,0.640193615682184,0.685442803780221,0.778603048951806,44.7233234270111,1.09220270002755,-1.52528700681645,0.0178392438132173,0.117247009049534,-1.77659374576746,-1.59724602102205,-1.52144973130215,-1.44880324657944,-1.30321766464574,43.1967092445184,1.09685448981624,20.1638467875702,0.18994074976017,1.04358169137255,18.0895507756174,19.5373029811042,20.0594393274985,20.7500917893609,22.5444049537504,30.1867672689958,1.13058080774028,TRUE,"",""
"28",2022-08-24,0.694634947028561,0.0100873831390332,0.0685317734908357,0.557999404649955,0.650408680811838,0.691758109823459,0.73815408525514,0.833374201655606,46.1558665023884,1.09614167329855,-1.39815304234534,0.0188915759458314,0.112507940965797,-1.63567430656539,-1.46725185745884,-1.39378234771803,-1.32410509087293,-1.18180236046203,35.4674509031971,1.11496755775466,0.999966455610812,8.48286955326092e-06,2.12702240102522e-05,0.999905306908264,0.999958380939844,0.999969600748349,0.999983262580367,0.999991080435184,6.28721845096161,1.63886621306432,0.69463494702846,0.0100873831390319,0.0685317734908257,0.557999404649874,0.650408680811744,0.691758109823359,0.738154085255033,0.833374201655485,46.1558665023865,1.09614167329855,-1.39815304234534,0.0188915759458313,0.112507940965797,-1.63567430656539,-1.46725185745884,-1.39378234771803,-1.32410509087294,-1.18180236046203,35.4674509031972,1.11496755775466,19.9779579739618,0.192240342003365,0.992369614083152,17.9810858017074,19.4031476169842,19.8944532026423,20.5558483081531,22.1642004977955,26.6475849240983,1.16496810497916,TRUE,"",""
"29",2022-08-25,0.603115589011012,0.00672236088786709,0.0629481650609096,0.479965929492438,0.560471409280176,0.602375557700195,0.644048065188962,0.730399705707627,87.684433893146,1.06301951981079,-1.43667192518522,0.0129000364328209,0.105711687351557,-1.6520555638366,-1.50180681215647,-1.4357555211388,-1.37127291808793,-1.22609886652476,67.1528016418578,1.07348186249705,0.999973536641915,6.78522064634684e-06,1.7150251823062e-05,0.999923857240879,0.999967139319882,0.999976020302259,0.999986984649162,0.99999344095213,6.38870820531092,1.63140013870594,0.603115589010925,0.00672236088786612,0.0629481650609005,0.479965929492368,0.560471409280095,0.602375557700108,0.644048065188869,0.730399705707522,87.6844338931459,1.06301951981079,-1.43667192518522,0.0129000364328209,0.105711687351557,-1.6520555638366,-1.50180681215648,-1.4357555211388,-1.37127291808793,-1.22609886652476,67.1528016418577,1.07348186249705,20.0139725392284,0.173124828293703,0.97229176931285,18.0452848339375,19.4469410044943,19.9344807821277,20.5814898087984,22.0964251184666,31.5409309297146,1.14927785827679,TRUE,"",""
"30",2022-08-26,0.70054952354272,0.00831692805623752,0.0687043613351184,0.569777399615723,0.65437756039516,0.697306406162609,0.744304544542437,0.835401645307806,68.2405823285361,1.08124804433942,-1.49650698805874,0.0157462837460669,0.116268929809946,-1.73721729637653,-1.56809705020941,-1.49278092440349,-1.42260890545429,-1.27977745721987,54.5219278691161,1.09748099743817,0.999952415545697,1.18829078749773e-05,3.07047514744737e-05,0.999869602275686,0.999940867403563,0.999956596248878,0.999976264561516,0.999987506070977,6.67675918806736,1.61100470953021,0.700549523542619,0.00831692805623636,0.0687043613351084,0.569777399615641,0.654377560395065,0.697306406162508,0.744304544542329,0.835401645307685,68.2405823285354,1.08124804433942,-1.49650698805874,0.0157462837460668,0.116268929809946,-1.73721729637653,-1.5680970502094,-1.4927809244035,-1.42260890545429,-1.27977745721988,54.5219278691164,1.09748099743817,20.0633820957219,0.207348538392011,1.04253476687908,18.1113415834162,19.4530129062028,19.9749897380744,20.6412818748102,22.2796563367005,25.2801203494616,1.17794833587093,TRUE,"",""
"31",2022-08-27,0.621542192022869,0.00843556961960991,0.0616913628191839,0.505899924809152,0.579510896393643,0.61914913210956,0.660418726785125,0.744380152408435,53.4835099084355,1.0687237928554,-1.47388758928852,0.0185175074873429,0.114785863768963,-1.70163844567387,-1.54227678766995,-1.46791389956188,-1.40368624101213,-1.25378581475843,38.4248123670362,1.08655638021232,0.999921900274637,1.97001619675082e-05,4.99289983141148e-05,0.999776176808654,0.999902503940393,0.999929171092424,0.999960416605292,0.999979502846094,6.42341694277053,1.6405801220344,0.621542192022779,0.00843556961960859,0.061691362819175,0.505899924809079,0.579510896393559,0.61914913210947,0.660418726785029,0.744380152408328,53.4835099084367,1.0687237928554,-1.47388758928852,0.0185175074873429,0.114785863768963,-1.70163844567387,-1.54227678766995,-1.46791389956188,-1.40368624101213,-1.25378581475843,38.4248123670363,1.08655638021232,20.3037280136607,0.196991128330564,1.07458999597502,18.1174008172584,19.6729113151833,20.21986550039,20.877108216739,22.6905182814158,29.7572128009666,1.12537527251667,TRUE,"",""
"32",2022-08-28,0.474956137482777,0.00984035588044794,0.0633594700031973,0.349221638400203,0.434199286126512,0.474425589124958,0.51721947153354,0.597580391580394,41.457342664712,1.09752652110074,-1.38727647288141,0.0199099529903079,0.109061823517584,-1.59937079409925,-1.46152293570286,-1.38608165220123,-1.31355911687152,-1.17338961360542,30.0057882710462,1.12923487266545,0.999978559161538,5.45067676372187e-06,1.36400698705954e-05,0.999938804348298,0.999973220918615,0.999980428317364,0.999989377239431,0.999994418191451,6.26227785902221,1.65252353470501,0.474956137482708,0.00984035588044667,0.0633594700031881,0.349221638400153,0.434199286126449,0.474425589124889,0.517219471533465,0.597580391580307,41.4573426647107,1.09752652110074,-1.38727647288141,0.0199099529903079,0.109061823517584,-1.59937079409926,-1.46152293570286,-1.38608165220123,-1.31355911687152,-1.17338961360543,30.0057882710462,1.12923487266545,20.048772200376,0.187851123629545,0.972748986762721,17.9520136082466,19.4803664589643,19.9769082055384,20.5895372969092,22.1246203273568,26.8147640557314,1.16186124524807,TRUE,"",""
"33",2022-08-29,0.489049573903816,0.00730254553994154,0.0626695043727054,0.372031761671518,0.447523868689127,0.4874087253863,0.531607114428007,0.609281916473739,73.6485112175184,1.08583544604143,-1.34319008649875,0.0151361922220018,0.110501173607584,-1.56110787016033,-1.41510050547818,-1.33898169432681,-1.27025055270731,-1.12963758251304,53.2967236764851,1.1072653940806,0.999971105075446,7.21591822099858e-06,1.84737054184714e-05,0.999921183776287,0.999963842532581,0.999974074614905,0.999985281946974,0.999992605002442,6.55427746923982,1.60358345587163,0.489049573903746,0.00730254553994041,0.0626695043726964,0.372031761671464,0.447523868689062,0.487408725386229,0.53160711442793,0.609281916473651,73.64851121752,1.08583544604143,-1.34319008649875,0.0151361922220018,0.110501173607584,-1.56110787016033,-1.41510050547818,-1.33898169432681,-1.27025055270731,-1.12963758251304,53.2967236764851,1.1072653940806,19.9839322905395,0.182268722951732,0.976161575109695,18.0483379433755,19.4392384725754,19.8908524257937,20.5565146986949,22.1248435709295,28.6826395565591,1.17012562818371,TRUE,"",""
"34",2022-08-30,0.440204126084615,0.00895567550606882,0.0629791584583052,0.315396309229625,0.398422726098444,0.440846078000778,0.48365593462067,0.556444761116057,49.4534970731751,1.09828761682496,-1.24702892132806,0.0175950567028665,0.107674145893406,-1.4567508952979,-1.31951887271036,-1.24615645756042,-1.17519254988126,-1.03040683405474,37.4491124623549,1.12129987650444,0.999975869413531,6.04602554109368e-06,1.52381930801849e-05,0.999933373874288,0.999969514123773,0.999978047509924,0.999987955493135,0.999993623842352,6.35224133173363,1.66109857590538,0.440204126084552,0.0089556755060675,0.0629791584582961,0.315396309229579,0.398422726098386,0.440846078000715,0.4836559346206,0.556444761115977,49.4534970731753,1.09828761682496,-1.24702892132806,0.0175950567028665,0.107674145893406,-1.4567508952979,-1.31951887271036,-1.24615645756042,-1.17519254988126,-1.03040683405474,37.4491124623549,1.12129987650444,20.1309360634984,0.207912002750208,1.03192197302561,18.1417843362717,19.5125628789398,20.0519966900093,20.7376935472302,22.3190092074643,24.6339806823422,1.1908799908321,TRUE,"",""
"35",2022-08-31,NA,NA,NA,NA,NA,NA,NA,NA,NA,NA,NA,NA,NA,NA,NA,NA,NA,NA,NA,NA,NA,NA,NA,NA,NA,NA,NA,NA,NA,NA,NA,NA,NA,NA,NA,NA,NA,NA,NA,NA,NA,NA,NA,NA,NA,NA,NA,NA,NA,NA,NA,NA,NA,NA,NA,NA,NA,NA,NA,NA,FALSE,"","data don't end when expected"
