#Columns,5,,,,
#Header_Rows,12,,,,
Field_Name,Sample_Name,IGSN,Material,Normalized_Respiration_Rate_mg_DO_per_H_per_L_sediment,Methods_Deviation
Unit,N/A,N/A,N/A,milligrams_per_hour_per_liter_sediment,N/A
Unit_Basis,N/A,N/A,N/A,as_rate_of_Oxygen_consumed_per_liter_sediment,N/A
MethodID_Analysis,N/A,N/A,N/A,INC_T_AN_001,N/A
MethodID_Inspection,N/A,N/A,N/A,INC_T_IN_001,N/A
MethodID_Storage,N/A,N/A,N/A,INC_T_ST_001,N/A
MethodID_Preservation,N/A,N/A,N/A,INC_T_PRES_001,N/A
MethodID_Preparation,N/A,N/A,N/A,INC_T_PREP_001,N/A
MethodID_DataProcessing,N/A,N/A,N/A,INC_T_DP_001,N/A
Analysis_DetectionLimit,-9999,-9999,-9999,-9999,-9999
Analysis_Precision,-9999,-9999,-9999,-9999,-9999
Data_Status,N/A,N/A,N/A,ready_to_use,N/A
N/A,CM_001_INC-1,10.58052/IEWDR01Q5,Sediment,-41.556,INC_QA_000; INC_QA_001
N/A,CM_001_INC-2,10.58052/IEWDR01Q5,Sediment,-47.835,INC_QA_000; INC_QA_001
N/A,CM_001_INC-3,10.58052/IEWDR01Q5,Sediment,-42.326,INC_QA_000; INC_QA_001
N/A,CM_002_INC-1,10.58052/IEWDR01Q6,Sediment,-83.279,N/A
N/A,CM_002_INC-2,10.58052/IEWDR01Q6,Sediment,-173.757,N/A
N/A,CM_002_INC-3,10.58052/IEWDR01Q6,Sediment,-9999,RATE_002
N/A,CM_003_INC-1,10.58052/IEWDR01Q7,Sediment,-6.659,N/A
N/A,CM_003_INC-2,10.58052/IEWDR01Q7,Sediment,-8.085,N/A
N/A,CM_003_INC-3,10.58052/IEWDR01Q7,Sediment,-9.928,N/A
N/A,CM_004_INC-1,10.58052/IEWDR01Q8,Sediment,-7.215,N/A
N/A,CM_004_INC-2,10.58052/IEWDR01Q8,Sediment,-17.855,N/A
N/A,CM_004_INC-3,10.58052/IEWDR01Q8,Sediment,-9.844,N/A
N/A,CM_005_INC-1,10.58052/IEWDR01Q9,Sediment,-1.154,N/A
N/A,CM_005_INC-2,10.58052/IEWDR01Q9,Sediment,-1.806,N/A
N/A,CM_005_INC-3,10.58052/IEWDR01Q9,Sediment,-2.563,N/A
N/A,CM_006_INC-1,10.58052/IEWDR01QA,Sediment,-3657.262,RATE_000
N/A,CM_006_INC-2,10.58052/IEWDR01QA,Sediment,-2199.182,RATE_000
N/A,CM_006_INC-3,10.58052/IEWDR01QA,Sediment,-2196.814,RATE_000
N/A,CM_007_INC-1,10.58052/IEWDR01QB,Sediment,-2.134,N/A
N/A,CM_007_INC-2,10.58052/IEWDR01QB,Sediment,-1.792,N/A
N/A,CM_007_INC-3,10.58052/IEWDR01QB,Sediment,-6.934,N/A
N/A,CM_008_INC-1,10.58052/IEWDR01QC,Sediment,-2719.067,RATE_000; INC_QA_001
N/A,CM_008_INC-2,10.58052/IEWDR01QC,Sediment,-3664.977,RATE_000; INC_QA_001
N/A,CM_008_INC-3,10.58052/IEWDR01QC,Sediment,-2756.74,RATE_000; INC_QA_001
N/A,CM_009_INC-1,10.58052/IEWDR01UU,Sediment,-16.935,N/A
N/A,CM_009_INC-2,10.58052/IEWDR01UU,Sediment,-15.637,N/A
N/A,CM_009_INC-3,10.58052/IEWDR01UU,Sediment,-13.118,N/A
N/A,CM_010_INC-1,10.58052/IEWDR01QD,Sediment,-6.636,N/A
N/A,CM_010_INC-2,10.58052/IEWDR01QD,Sediment,-4.156,N/A
N/A,CM_010_INC-3,10.58052/IEWDR01QD,Sediment,-5.706,N/A
N/A,CM_011_INC-1,10.58052/IEWDR01QE,Sediment,-93.904,N/A
N/A,CM_011_INC-2,10.58052/IEWDR01QE,Sediment,-82.292,N/A
N/A,CM_011_INC-3,10.58052/IEWDR01QE,Sediment,-105.084,N/A
N/A,CM_012_INC-1,10.58052/IEWDR01QF,Sediment,-38.684,N/A
N/A,CM_012_INC-2,10.58052/IEWDR01QF,Sediment,-33.765,N/A
N/A,CM_012_INC-3,10.58052/IEWDR01QF,Sediment,-28.078,N/A
N/A,CM_013_INC-1,10.58052/IEWDR01QG,Sediment,-38.06,N/A
N/A,CM_013_INC-2,10.58052/IEWDR01QG,Sediment,-35.243,N/A
N/A,CM_013_INC-3,10.58052/IEWDR01QG,Sediment,-39.935,N/A
N/A,CM_014_INC-1,10.58052/IEWDR01QH,Sediment,-46.592,N/A
N/A,CM_014_INC-2,10.58052/IEWDR01QH,Sediment,-56.284,N/A
N/A,CM_014_INC-3,10.58052/IEWDR01QH,Sediment,-32.555,N/A
N/A,CM_015_INC-1,10.58052/IEWDR01QI,Sediment,-40.719,N/A
N/A,CM_015_INC-2,10.58052/IEWDR01QI,Sediment,-33.111,N/A
N/A,CM_015_INC-3,10.58052/IEWDR01QI,Sediment,-22.823,N/A
N/A,CM_016_INC-1,10.58052/IEWDR01QJ,Sediment,-3860.776,RATE_000
N/A,CM_016_INC-2,10.58052/IEWDR01QJ,Sediment,-3462.551,RATE_000
N/A,CM_016_INC-3,10.58052/IEWDR01QJ,Sediment,-3840.878,RATE_000
N/A,CM_017_INC-1,10.58052/IEWDR01QK,Sediment,-2.524,N/A
N/A,CM_017_INC-2,10.58052/IEWDR01QK,Sediment,-2.857,N/A
N/A,CM_017_INC-3,10.58052/IEWDR01QK,Sediment,-2.482,N/A
N/A,CM_018_INC-1,10.58052/IEWDR01QL,Sediment,-1.765,N/A
N/A,CM_018_INC-2,10.58052/IEWDR01QL,Sediment,-1.651,N/A
N/A,CM_018_INC-3,10.58052/IEWDR01QL,Sediment,-0.853,N/A
N/A,CM_020_INC-1,10.58052/IEWDR01QM,Sediment,-18.501,N/A
N/A,CM_020_INC-2,10.58052/IEWDR01QM,Sediment,-21.438,N/A
N/A,CM_020_INC-3,10.58052/IEWDR01QM,Sediment,-15.732,N/A
N/A,CM_021_INC-1,10.58052/IEWDR01QN,Sediment,-5.775,INC_QA_000
N/A,CM_021_INC-2,10.58052/IEWDR01QN,Sediment,-4.163,N/A
N/A,CM_021_INC-3,10.58052/IEWDR01QN,Sediment,-5.707,N/A
N/A,CM_022_INC-1,10.58052/IEWDR01QO,Sediment,-6.381,N/A
N/A,CM_022_INC-2,10.58052/IEWDR01QO,Sediment,-4.787,N/A
N/A,CM_022_INC-3,10.58052/IEWDR01QO,Sediment,-9.529,N/A
N/A,CM_023_INC-1,10.58052/IEWDR01QP,Sediment,-2228.761,RATE_000
N/A,CM_023_INC-2,10.58052/IEWDR01QP,Sediment,-2718.249,RATE_000
N/A,CM_023_INC-3,10.58052/IEWDR01QP,Sediment,-2289.873,RATE_000
N/A,CM_024_INC-1,10.58052/IEWDR01QQ,Sediment,-4.941,N/A
N/A,CM_024_INC-2,10.58052/IEWDR01QQ,Sediment,-5.008,N/A
N/A,CM_024_INC-3,10.58052/IEWDR01QQ,Sediment,-5.303,N/A
N/A,CM_025_INC-1,N/A,Sediment,-9999,VI_INC_001
N/A,CM_025_INC-2,N/A,Sediment,-9999,VI_INC_001
N/A,CM_025_INC-3,N/A,Sediment,-9999,VI_INC_001
N/A,CM_026_INC-1,N/A,Sediment,-9999,VI_INC_001
N/A,CM_026_INC-2,N/A,Sediment,-9999,VI_INC_001
N/A,CM_026_INC-3,N/A,Sediment,-9999,VI_INC_001
N/A,CM_027_INC-1,10.58052/IEWDR01QR,Sediment,-3293.85,RATE_000
N/A,CM_027_INC-2,10.58052/IEWDR01QR,Sediment,-2717.185,RATE_000
N/A,CM_027_INC-3,10.58052/IEWDR01QR,Sediment,-1941.404,RATE_000
N/A,CM_028_INC-1,10.58052/IEWDR01QS,Sediment,-42.781,N/A
N/A,CM_028_INC-2,10.58052/IEWDR01QS,Sediment,-30.027,N/A
N/A,CM_028_INC-3,10.58052/IEWDR01QS,Sediment,-41.101,N/A
N/A,CM_029_INC-1,N/A,Sediment,-9999,VI_INC_001
N/A,CM_029_INC-2,N/A,Sediment,-9999,VI_INC_001
N/A,CM_029_INC-3,N/A,Sediment,-9999,VI_INC_001
N/A,CM_030_INC-1,N/A,Sediment,-9999,VI_INC_001
N/A,CM_030_INC-2,N/A,Sediment,-9999,VI_INC_001
N/A,CM_030_INC-3,N/A,Sediment,-9999,VI_INC_001
N/A,CM_032_INC-1,10.58052/IEWDR01QT,Sediment,-4001.81,RATE_000
N/A,CM_032_INC-2,10.58052/IEWDR01QT,Sediment,-3971.849,RATE_000
N/A,CM_032_INC-3,10.58052/IEWDR01QT,Sediment,-4007.868,RATE_000
N/A,CM_033_INC-1,10.58052/IEWDR01QU,Sediment,-4.343,N/A
N/A,CM_033_INC-2,10.58052/IEWDR01QU,Sediment,-2.965,N/A
N/A,CM_033_INC-3,10.58052/IEWDR01QU,Sediment,-2.154,N/A
N/A,CM_034_INC-1,10.58052/IEWDR01QV,Sediment,-1542.529,RATE_000; RATE_001
N/A,CM_034_INC-2,10.58052/IEWDR01QV,Sediment,-1776.152,RATE_000
N/A,CM_034_INC-3,10.58052/IEWDR01QV,Sediment,-1842.389,RATE_000
N/A,CM_035_INC-1,10.58052/IEWDR01QW,Sediment,-2420.277,RATE_000
N/A,CM_035_INC-2,10.58052/IEWDR01QW,Sediment,-3023.272,RATE_000
N/A,CM_035_INC-3,10.58052/IEWDR01QW,Sediment,-2757.22,RATE_000
N/A,CM_037_INC-1,10.58052/IEWDR01QX,Sediment,-6.149,N/A
N/A,CM_037_INC-2,10.58052/IEWDR01QX,Sediment,-6.689,N/A
N/A,CM_037_INC-3,10.58052/IEWDR01QX,Sediment,-8.179,N/A
N/A,CM_038_INC-1,10.58052/IEWDR01QY,Sediment,-4.101,N/A
N/A,CM_038_INC-2,10.58052/IEWDR01QY,Sediment,-5.302,N/A
N/A,CM_038_INC-3,10.58052/IEWDR01QY,Sediment,-5.03,N/A
N/A,CM_039_INC-1,10.58052/IEWDR01QZ,Sediment,-16.386,N/A
N/A,CM_039_INC-2,10.58052/IEWDR01QZ,Sediment,-9.118,N/A
N/A,CM_039_INC-3,10.58052/IEWDR01QZ,Sediment,-7.183,N/A
N/A,CM_040_INC-1,10.58052/IEWDR01R0,Sediment,-3601.518,RATE_000
N/A,CM_040_INC-2,10.58052/IEWDR01R0,Sediment,-3105.587,RATE_000
N/A,CM_040_INC-3,10.58052/IEWDR01R0,Sediment,-3855.602,RATE_000
N/A,CM_041_INC-1,10.58052/IEWDR01R1,Sediment,-73.385,N/A
N/A,CM_041_INC-2,10.58052/IEWDR01R1,Sediment,-56.246,N/A
N/A,CM_041_INC-3,10.58052/IEWDR01R1,Sediment,-47.197,N/A
N/A,CM_042_INC-1,10.58052/IEWDR01R2,Sediment,-11.861,N/A
N/A,CM_042_INC-2,10.58052/IEWDR01R2,Sediment,-8.824,N/A
N/A,CM_042_INC-3,10.58052/IEWDR01R2,Sediment,-8.79,N/A
N/A,CM_043_INC-1,10.58052/IEWDR01UX,Sediment,-9999,VI_INC_002
N/A,CM_043_INC-2,10.58052/IEWDR01UX,Sediment,-9999,VI_INC_002
N/A,CM_043_INC-3,10.58052/IEWDR01UX,Sediment,-9999,VI_INC_002
N/A,CM_044_INC-1,10.58052/IEWDR01V0,Sediment,-6.882,N/A
N/A,CM_044_INC-2,10.58052/IEWDR01V0,Sediment,-7.347,N/A
N/A,CM_044_INC-3,10.58052/IEWDR01V0,Sediment,-11.776,N/A
N/A,CM_045_INC-1,10.58052/IEWDR01V3,Sediment,-1.647,N/A
N/A,CM_045_INC-2,10.58052/IEWDR01V3,Sediment,-2.102,N/A
N/A,CM_045_INC-3,10.58052/IEWDR01V3,Sediment,-2.009,N/A
N/A,CM_046_INC-1,10.58052/IEWDR01V6,Sediment,-9.295,N/A
N/A,CM_046_INC-2,10.58052/IEWDR01V6,Sediment,-9.413,N/A
N/A,CM_046_INC-3,10.58052/IEWDR01V6,Sediment,-9.438,N/A
N/A,CM_047_INC-1,10.58052/IEWDR01ZH,Sediment,-3.46,N/A
N/A,CM_047_INC-2,10.58052/IEWDR01ZH,Sediment,-4.99,N/A
N/A,CM_047_INC-3,10.58052/IEWDR01ZH,Sediment,-3.3,N/A
N/A,CM_048_INC-1,10.58052/IEWDR01ZI,Sediment,-0.52,N/A
N/A,CM_048_INC-2,10.58052/IEWDR01ZI,Sediment,-0.73,N/A
N/A,CM_048_INC-3,10.58052/IEWDR01ZI,Sediment,-0.51,N/A
N/A,CM_049_INC-1,10.58052/IEWDR01ZJ,Sediment,-3.47,N/A
N/A,CM_049_INC-2,10.58052/IEWDR01ZJ,Sediment,-2.89,N/A
N/A,CM_049_INC-3,10.58052/IEWDR01ZJ,Sediment,-3.43,N/A
N/A,CM_050_INC-1,10.58052/IEWDR01V9,Sediment,-10.532,N/A
N/A,CM_050_INC-2,10.58052/IEWDR01V9,Sediment,-12.275,N/A
N/A,CM_050_INC-3,10.58052/IEWDR01V9,Sediment,-7.856,N/A
N/A,CM_051_INC-1,10.58052/IEWDR01VC,Sediment,-1.941,N/A
N/A,CM_051_INC-2,10.58052/IEWDR01VC,Sediment,-2.131,N/A
N/A,CM_051_INC-3,10.58052/IEWDR01VC,Sediment,-3.181,N/A
N/A,CM_052_INC-1,10.58052/IEWDR01VF,Sediment,-5.594,N/A
N/A,CM_052_INC-2,10.58052/IEWDR01VF,Sediment,-4.891,N/A
N/A,CM_052_INC-3,10.58052/IEWDR01VF,Sediment,-5.156,N/A
N/A,CM_053_INC-1,10.58052/IEWDR01ZK,Sediment,-2.95,N/A
N/A,CM_053_INC-2,10.58052/IEWDR01ZK,Sediment,-3.16,N/A
N/A,CM_053_INC-3,10.58052/IEWDR01ZK,Sediment,-5.97,N/A
N/A,CM_054_INC-1,10.58052/IEWDR01ZL,Sediment,-2.43,N/A
N/A,CM_054_INC-2,10.58052/IEWDR01ZL,Sediment,-1.98,N/A
N/A,CM_054_INC-3,10.58052/IEWDR01ZL,Sediment,-2.32,N/A
N/A,CM_055_INC-1,10.58052/IEWDR01ZM,Sediment,-1.27,N/A
N/A,CM_055_INC-2,10.58052/IEWDR01ZM,Sediment,-1.55,N/A
N/A,CM_055_INC-3,10.58052/IEWDR01ZM,Sediment,-1.22,N/A
N/A,CM_056_INC-1,10.58052/IEWDR01VI,Sediment,-1.162,N/A
N/A,CM_056_INC-2,10.58052/IEWDR01VI,Sediment,-1.571,N/A
N/A,CM_056_INC-3,10.58052/IEWDR01VI,Sediment,-1.639,N/A
N/A,CM_057_INC-1,10.58052/IEWDR01VL,Sediment,-1.219,N/A
N/A,CM_057_INC-2,10.58052/IEWDR01VL,Sediment,-1.327,N/A
N/A,CM_057_INC-3,10.58052/IEWDR01VL,Sediment,-0.933,N/A
N/A,CM_058_INC-1,10.58052/IEWDR01VO,Sediment,-0.725,N/A
N/A,CM_058_INC-2,10.58052/IEWDR01VO,Sediment,-0.623,N/A
N/A,CM_058_INC-3,10.58052/IEWDR01VO,Sediment,-0.828,N/A
N/A,CM_059_INC-1,10.58052/IEWDR01ZN,Sediment,-0.74,N/A
N/A,CM_059_INC-2,10.58052/IEWDR01ZN,Sediment,-1.97,N/A
N/A,CM_059_INC-3,10.58052/IEWDR01ZN,Sediment,-1.32,N/A
N/A,CM_060_INC-1,10.58052/IEWDR01ZO,Sediment,-3.54,N/A
N/A,CM_060_INC-2,10.58052/IEWDR01ZO,Sediment,-2.7,N/A
N/A,CM_060_INC-3,10.58052/IEWDR01ZO,Sediment,-2.8,N/A
N/A,CM_061_INC-1,10.58052/IEWDR01ZP,Sediment,-1.01,N/A
N/A,CM_061_INC-2,10.58052/IEWDR01ZP,Sediment,-0.68,N/A
N/A,CM_061_INC-3,10.58052/IEWDR01ZP,Sediment,-1.11,N/A
N/A,CM_062_INC-1,10.58052/IEWDR01R3,Sediment,-3.023,N/A
N/A,CM_062_INC-2,10.58052/IEWDR01R3,Sediment,-3.292,N/A
N/A,CM_062_INC-3,10.58052/IEWDR01R3,Sediment,-2.507,N/A
N/A,CM_063_INC-1,10.58052/IEWDR01R4,Sediment,-2.852,N/A
N/A,CM_063_INC-2,10.58052/IEWDR01R4,Sediment,-2.77,N/A
N/A,CM_063_INC-3,10.58052/IEWDR01R4,Sediment,-2.853,N/A
N/A,CM_064_INC-1,10.58052/IEWDR01VR,Sediment,-27.742,N/A
N/A,CM_064_INC-2,10.58052/IEWDR01VR,Sediment,-31.817,N/A
N/A,CM_064_INC-3,10.58052/IEWDR01VR,Sediment,-19.655,N/A
N/A,CM_065_INC-1,10.58052/IEWDR01ZQ,Sediment,-15.8,N/A
N/A,CM_065_INC-2,10.58052/IEWDR01ZQ,Sediment,-9.38,N/A
N/A,CM_065_INC-3,10.58052/IEWDR01ZQ,Sediment,-26.32,N/A
N/A,CM_066_INC-1,10.58052/IEWDR01VU,Sediment,-1.319,N/A
N/A,CM_066_INC-2,10.58052/IEWDR01VU,Sediment,-1.214,N/A
N/A,CM_066_INC-3,10.58052/IEWDR01VU,Sediment,-1.21,N/A
N/A,CM_068_INC-4,10.58052/IEWDR01VX,Sediment,-260.352,INC_001
N/A,CM_068_INC-5,10.58052/IEWDR01VX,Sediment,-347.973,INC_001
N/A,CM_068_INC-6,10.58052/IEWDR01VX,Sediment,-333.941,INC_001
N/A,CM_069_INC-1,10.58052/IEWDR01W0,Sediment,-1590.236,RATE_000
N/A,CM_069_INC-2,10.58052/IEWDR01W0,Sediment,-1622.502,RATE_000
N/A,CM_069_INC-3,10.58052/IEWDR01W0,Sediment,-2128.419,RATE_000
N/A,CM_070_INC-1,10.58052/IEWDR01W3,Sediment,-6.653,N/A
N/A,CM_070_INC-2,10.58052/IEWDR01W3,Sediment,-8.149,N/A
N/A,CM_070_INC-3,10.58052/IEWDR01W3,Sediment,-5.58,N/A
N/A,CM_071_INC-4,10.58052/IEWDR01W6,Sediment,-173.545,INC_001
N/A,CM_071_INC-5,10.58052/IEWDR01W6,Sediment,-436.095,INC_001
N/A,CM_071_INC-6,10.58052/IEWDR01W6,Sediment,-203.871,INC_001
N/A,CM_072_INC-4,10.58052/IEWDR01W9,Sediment,-469.44,INC_001
N/A,CM_072_INC-5,10.58052/IEWDR01W9,Sediment,-326.593,INC_001
N/A,CM_072_INC-6,10.58052/IEWDR01W9,Sediment,-132.286,INC_001
N/A,CM_073_INC-1,10.58052/IEWDR01WC,Sediment,-4.264,N/A
N/A,CM_073_INC-2,10.58052/IEWDR01WC,Sediment,-4.303,N/A
N/A,CM_073_INC-3,10.58052/IEWDR01WC,Sediment,-3.828,N/A
N/A,CM_074_INC-1,10.58052/IEWDR01WF,Sediment,-5.889,N/A
N/A,CM_074_INC-2,10.58052/IEWDR01WF,Sediment,-9.313,N/A
N/A,CM_074_INC-3,10.58052/IEWDR01WF,Sediment,-6.423,N/A
N/A,CM_075_INC-1,10.58052/IEWDR01WI,Sediment,-54.102,N/A
N/A,CM_075_INC-2,10.58052/IEWDR01WI,Sediment,-55.85,N/A
N/A,CM_075_INC-3,10.58052/IEWDR01WI,Sediment,-56.098,N/A
N/A,CM_076_INC-1,10.58052/IEWDR01WL,Sediment,-8.977,N/A
N/A,CM_076_INC-2,10.58052/IEWDR01WL,Sediment,-8.686,N/A
N/A,CM_076_INC-3,10.58052/IEWDR01WL,Sediment,-9.821,N/A
N/A,CM_077_INC-1,10.58052/IEWDR01WO,Sediment,-7.119,N/A
N/A,CM_077_INC-2,10.58052/IEWDR01WO,Sediment,-6.199,N/A
N/A,CM_077_INC-3,10.58052/IEWDR01WO,Sediment,-6.639,N/A
N/A,CM_078_INC-4,10.58052/IEWDR01WR,Sediment,-161.29,INC_001
N/A,CM_078_INC-5,10.58052/IEWDR01WR,Sediment,-167.879,INC_001
N/A,CM_078_INC-6,10.58052/IEWDR01WR,Sediment,-230.424,INC_001
N/A,CM_079_INC-1,10.58052/IEWDR01WU,Sediment,-54.025,N/A
N/A,CM_079_INC-2,10.58052/IEWDR01WU,Sediment,-82.284,N/A
N/A,CM_079_INC-3,10.58052/IEWDR01WU,Sediment,-91.469,N/A
N/A,CM_080_INC-4,10.58052/IEWDR01WX,Sediment,-165.386,INC_001
N/A,CM_080_INC-5,10.58052/IEWDR01WX,Sediment,-209.542,INC_001
N/A,CM_080_INC-6,10.58052/IEWDR01WX,Sediment,-128.321,INC_001
N/A,CM_081_INC-1,10.58052/IEWDR01X0,Sediment,-29.646,N/A
N/A,CM_081_INC-2,10.58052/IEWDR01X0,Sediment,-20.531,N/A
N/A,CM_081_INC-3,10.58052/IEWDR01X0,Sediment,-8.661,N/A
N/A,CM_082_INC-1,10.58052/IEWDR01X3,Sediment,-124.312,N/A
N/A,CM_082_INC-2,10.58052/IEWDR01X3,Sediment,-95.539,N/A
N/A,CM_082_INC-3,10.58052/IEWDR01X3,Sediment,-93.267,N/A
N/A,CM_083_INC-1,10.58052/IEWDR01ZR,Sediment,-45.43,N/A
N/A,CM_083_INC-2,10.58052/IEWDR01ZR,Sediment,-42.42,N/A
N/A,CM_083_INC-3,10.58052/IEWDR01ZR,Sediment,-53.32,N/A
N/A,CM_084_INC-1,10.58052/IEWDR01X6,Sediment,-11.407,N/A
N/A,CM_084_INC-2,10.58052/IEWDR01X6,Sediment,-11.62,N/A
N/A,CM_084_INC-3,10.58052/IEWDR01X6,Sediment,-12.06,N/A
N/A,CM_085_INC-1,10.58052/IEWDR01X9,Sediment,-21.529,N/A
N/A,CM_085_INC-2,10.58052/IEWDR01X9,Sediment,-65.412,N/A
N/A,CM_085_INC-3,10.58052/IEWDR01X9,Sediment,-22.157,N/A
N/A,CM_086_INC-4,10.58052/IEWDR01ZS,Sediment,-655.72,INC_001
N/A,CM_086_INC-5,10.58052/IEWDR01ZS,Sediment,-694.32,INC_001
N/A,CM_086_INC-6,10.58052/IEWDR01ZS,Sediment,-669.87,INC_001
N/A,CM_087_INC-4,10.58052/IEWDR01ZT,Sediment,-29.64,INC_001
N/A,CM_087_INC-5,10.58052/IEWDR01ZT,Sediment,-76.63,INC_001
N/A,CM_087_INC-6,10.58052/IEWDR01ZT,Sediment,-39.93,INC_001
N/A,CM_088_INC-1,10.58052/IEWDR01XC,Sediment,-13.586,N/A
N/A,CM_088_INC-2,10.58052/IEWDR01XC,Sediment,-18.397,N/A
N/A,CM_088_INC-3,10.58052/IEWDR01XC,Sediment,-20.452,N/A
N/A,CM_089_INC-1,10.58052/IEWDR01ZU,Sediment,-3.56,N/A
N/A,CM_089_INC-2,10.58052/IEWDR01ZU,Sediment,-3.77,N/A
N/A,CM_089_INC-3,10.58052/IEWDR01ZU,Sediment,-3.35,N/A
N/A,CM_090_INC-4,10.58052/IEWDR01ZV,Sediment,-31.41,INC_001
N/A,CM_090_INC-5,10.58052/IEWDR01ZV,Sediment,-29.48,INC_001
N/A,CM_090_INC-6,10.58052/IEWDR01ZV,Sediment,-13.61,INC_001
N/A,CM_091_INC-1,10.58052/IEWDR01ZW,Sediment,-25.16,N/A
N/A,CM_091_INC-2,10.58052/IEWDR01ZW,Sediment,-26.52,N/A
N/A,CM_091_INC-3,10.58052/IEWDR01ZW,Sediment,-42.03,N/A
N/A,CM_092_INC-1,10.58052/IEWDR01ZX,Sediment,-12.9,N/A
N/A,CM_092_INC-2,10.58052/IEWDR01ZX,Sediment,-6.45,N/A
N/A,CM_092_INC-3,10.58052/IEWDR01ZX,Sediment,-6.68,N/A
N/A,CM_093_INC-1,10.58052/IEWDR01ZY,Sediment,-1.16,N/A
N/A,CM_093_INC-2,10.58052/IEWDR01ZY,Sediment,-1.39,N/A
N/A,CM_093_INC-3,10.58052/IEWDR01ZY,Sediment,-2.2,N/A
N/A,CM_094_INC-1,10.58052/IEWDR01ZZ,Sediment,-12.93,N/A
N/A,CM_094_INC-2,10.58052/IEWDR01ZZ,Sediment,-29.9,N/A
N/A,CM_094_INC-3,10.58052/IEWDR01ZZ,Sediment,-28.74,N/A
N/A,CM_095_INC-4,10.58052/IEWDR0200,Sediment,-45.05,INC_001
N/A,CM_095_INC-5,10.58052/IEWDR0200,Sediment,-45.06,INC_001
N/A,CM_095_INC-6,10.58052/IEWDR0200,Sediment,-38.66,INC_001
N/A,CM_096_INC-1,10.58052/IEWDR0201,Sediment,-2.58,N/A
N/A,CM_096_INC-2,10.58052/IEWDR0201,Sediment,-3.73,N/A
N/A,CM_096_INC-3,10.58052/IEWDR0201,Sediment,-2.39,N/A
N/A,CM_097_INC-1,10.58052/IEWDR0202,Sediment,-0.36,N/A
N/A,CM_097_INC-2,10.58052/IEWDR0202,Sediment,-0.5,N/A
N/A,CM_097_INC-3,10.58052/IEWDR0202,Sediment,-0.26,N/A
N/A,CM_098_INC-4,10.58052/IEWDR0203,Sediment,-167.92,INC_001
N/A,CM_098_INC-5,10.58052/IEWDR0203,Sediment,-170.32,INC_001
N/A,CM_098_INC-6,10.58052/IEWDR0203,Sediment,-35.81,INC_001
N/A,CM_099_INC-4,10.58052/IEWDR0204,Sediment,-24.46,INC_001
N/A,CM_099_INC-5,10.58052/IEWDR0204,Sediment,-25.63,INC_001
N/A,CM_099_INC-6,10.58052/IEWDR0204,Sediment,-17.09,INC_001
N/A,CM_100_INC-1,10.58052/IEWDR0205,Sediment,-2.07,N/A
N/A,CM_100_INC-2,10.58052/IEWDR0205,Sediment,-2.51,N/A
N/A,CM_100_INC-3,10.58052/IEWDR0205,Sediment,-1.17,N/A
N/A,CM_101_INC-1,10.58052/IEWDR0206,Sediment,-2.07,N/A
N/A,CM_101_INC-2,10.58052/IEWDR0206,Sediment,-3.29,N/A
N/A,CM_101_INC-3,10.58052/IEWDR0206,Sediment,-1.63,N/A
N/A,CM_102_INC-1,10.58052/IEWDR0207,Sediment,-2.54,N/A
N/A,CM_102_INC-2,10.58052/IEWDR0207,Sediment,-3.51,N/A
N/A,CM_102_INC-3,10.58052/IEWDR0207,Sediment,-4.57,N/A
N/A,CM_103_INC-1,10.58052/IEWDR0208,Sediment,-8.94,N/A
N/A,CM_103_INC-2,10.58052/IEWDR0208,Sediment,-7.37,N/A
N/A,CM_103_INC-3,10.58052/IEWDR0208,Sediment,-7.29,N/A
N/A,CM_104_INC-1,10.58052/IEWDR0209,Sediment,-31.86,N/A
N/A,CM_104_INC-2,10.58052/IEWDR0209,Sediment,-33.13,N/A
N/A,CM_104_INC-3,10.58052/IEWDR0209,Sediment,-35.93,N/A
N/A,CM_105_INC-1,10.58052/IEWDR020A,Sediment,-9.6,N/A
N/A,CM_105_INC-2,10.58052/IEWDR020A,Sediment,-8.86,N/A
N/A,CM_105_INC-3,10.58052/IEWDR020A,Sediment,-10.47,N/A
N/A,CM_106_INC-4,10.58052/IEWDR020B,Sediment,-21.29,INC_001
N/A,CM_106_INC-5,10.58052/IEWDR020B,Sediment,-70.85,INC_001
N/A,CM_106_INC-6,10.58052/IEWDR020B,Sediment,-10.77,INC_001
N/A,CM_107_INC-1,10.58052/IEWDR020C,Sediment,-18.69,N/A
N/A,CM_107_INC-2,10.58052/IEWDR020C,Sediment,-19.51,N/A
N/A,CM_107_INC-3,10.58052/IEWDR020C,Sediment,-22.73,N/A
N/A,CM_108_INC-1,10.58052/IEWDR020D,Sediment,-3.78,N/A
N/A,CM_108_INC-2,10.58052/IEWDR020D,Sediment,-3.29,N/A
N/A,CM_108_INC-3,10.58052/IEWDR020D,Sediment,-5.13,N/A
N/A,CM_109_INC-1,10.58052/IEWDR020E,Sediment,-31.64,N/A
N/A,CM_109_INC-2,10.58052/IEWDR020E,Sediment,-22.66,N/A
N/A,CM_109_INC-3,10.58052/IEWDR020E,Sediment,-30.43,N/A
N/A,CM_110_INC-1,10.58052/IEWDR020F,Sediment,-53.44,N/A
N/A,CM_110_INC-2,10.58052/IEWDR020F,Sediment,-78.34,N/A
N/A,CM_110_INC-3,10.58052/IEWDR020F,Sediment,-43.87,N/A
N/A,CM_111_INC-1,10.58052/IEWDR020G,Sediment,-3.43,N/A
N/A,CM_111_INC-2,10.58052/IEWDR020G,Sediment,-3.6,N/A
N/A,CM_111_INC-3,10.58052/IEWDR020G,Sediment,-2.28,N/A
N/A,CM_112_INC-1,10.58052/IEWDR020H,Sediment,-7.45,N/A
N/A,CM_112_INC-2,10.58052/IEWDR020H,Sediment,-8.56,N/A
N/A,CM_112_INC-3,10.58052/IEWDR020H,Sediment,-7.86,N/A
N/A,CM_113_INC-1,10.58052/IEWDR020I,Sediment,-85.25,N/A
N/A,CM_113_INC-2,10.58052/IEWDR020I,Sediment,-59.89,N/A
N/A,CM_113_INC-3,10.58052/IEWDR020I,Sediment,-51.65,N/A
N/A,CM_114_INC-1,10.58052/IEWDR020J,Sediment,-70.02,N/A
N/A,CM_114_INC-2,10.58052/IEWDR020J,Sediment,-127.36,N/A
N/A,CM_114_INC-3,10.58052/IEWDR020J,Sediment,-114.34,N/A
N/A,CM_115_INC-4,10.58052/IEWDR020K,Sediment,-43.36,INC_001
N/A,CM_115_INC-5,10.58052/IEWDR020K,Sediment,-47.58,INC_001
N/A,CM_115_INC-6,10.58052/IEWDR020K,Sediment,-44.62,INC_001
N/A,CM_116_INC-1,10.58052/IEWDR020L,Sediment,-49.64,N/A
N/A,CM_116_INC-2,10.58052/IEWDR020L,Sediment,-54.61,N/A
N/A,CM_116_INC-3,10.58052/IEWDR020L,Sediment,-39.09,N/A
N/A,CM_117_INC-1,10.58052/IEWDR020M,Sediment,-3.66,N/A
N/A,CM_117_INC-2,10.58052/IEWDR020M,Sediment,-3.41,N/A
N/A,CM_117_INC-3,10.58052/IEWDR020M,Sediment,-4.01,N/A
N/A,SSS001_INC-1,10.58052/IEWDR01R5,Sediment,-2236.812,RATE_000
N/A,SSS001_INC-2,10.58052/IEWDR01R5,Sediment,-3827.238,RATE_000
N/A,SSS001_INC-3,10.58052/IEWDR01R5,Sediment,-3800.027,RATE_000
N/A,SSS002_INC-1,10.58052/IEWDR01R6,Sediment,-5.819,N/A
N/A,SSS002_INC-2,10.58052/IEWDR01R6,Sediment,-5.549,N/A
N/A,SSS002_INC-3,10.58052/IEWDR01R6,Sediment,-7.38,N/A
N/A,SSS003_INC-1,10.58052/IEWDR01R7,Sediment,-37.187,N/A
N/A,SSS003_INC-2,10.58052/IEWDR01R7,Sediment,-31.42,N/A
N/A,SSS003_INC-3,10.58052/IEWDR01R7,Sediment,-67.859,N/A
N/A,SSS004_INC-1,10.58052/IEWDR01R8,Sediment,-3048.942,RATE_000
N/A,SSS004_INC-2,10.58052/IEWDR01R8,Sediment,-2965.184,RATE_000
N/A,SSS004_INC-3,10.58052/IEWDR01R8,Sediment,-3263.522,RATE_000
N/A,SSS005_INC-1,10.58052/IEWDR01R9,Sediment,-4.695,N/A
N/A,SSS005_INC-2,10.58052/IEWDR01R9,Sediment,-4.126,N/A
N/A,SSS005_INC-3,10.58052/IEWDR01R9,Sediment,-4.146,N/A
N/A,SSS006_INC-1,10.58052/IEWDR01RA,Sediment,-58.233,N/A
N/A,SSS006_INC-2,10.58052/IEWDR01RA,Sediment,-57.257,N/A
N/A,SSS006_INC-3,10.58052/IEWDR01RA,Sediment,-91.697,N/A
N/A,SSS007_INC-1,10.58052/IEWDR01RB,Sediment,-5.612,N/A
N/A,SSS007_INC-2,10.58052/IEWDR01RB,Sediment,-3.232,N/A
N/A,SSS007_INC-3,10.58052/IEWDR01RB,Sediment,-7.891,INC_QA_002; VB_INC_001
N/A,SSS008_INC-1,10.58052/IEWDR01RC,Sediment,-3824.626,RATE_000
N/A,SSS008_INC-2,10.58052/IEWDR01RC,Sediment,-3976.991,RATE_000
N/A,SSS008_INC-3,10.58052/IEWDR01RC,Sediment,-3890.983,RATE_000
N/A,SSS009_INC-1,10.58052/IEWDR01RD,Sediment,-2.058,N/A
N/A,SSS009_INC-2,10.58052/IEWDR01RD,Sediment,-2.271,N/A
N/A,SSS009_INC-3,10.58052/IEWDR01RD,Sediment,-3.01,N/A
N/A,SSS010_INC-1,10.58052/IEWDR01RE,Sediment,-4.123,N/A
N/A,SSS010_INC-2,10.58052/IEWDR01RE,Sediment,-4.364,N/A
N/A,SSS010_INC-3,10.58052/IEWDR01RE,Sediment,-4.325,N/A
N/A,SSS011_INC-1,10.58052/IEWDR01RF,Sediment,-11.556,N/A
N/A,SSS011_INC-2,10.58052/IEWDR01RF,Sediment,-9.97,N/A
N/A,SSS011_INC-3,10.58052/IEWDR01RF,Sediment,-10.894,N/A
N/A,SSS012_INC-1,10.58052/IEWDR01RG,Sediment,-35.909,N/A
N/A,SSS012_INC-2,10.58052/IEWDR01RG,Sediment,-58.038,N/A
N/A,SSS012_INC-3,10.58052/IEWDR01RG,Sediment,-13.617,N/A
N/A,SSS013_INC-1,10.58052/IEWDR01RH,Sediment,-16.884,N/A
N/A,SSS013_INC-2,10.58052/IEWDR01RH,Sediment,-12.433,N/A
N/A,SSS013_INC-3,10.58052/IEWDR01RH,Sediment,-12.897,N/A
N/A,SSS014_INC-1,10.58052/IEWDR01RI,Sediment,-1599.215,RATE_000; RATE_001
N/A,SSS014_INC-2,10.58052/IEWDR01RI,Sediment,-3564.455,RATE_000
N/A,SSS014_INC-3,10.58052/IEWDR01RI,Sediment,-3049.358,RATE_000
N/A,SSS015_INC-1,10.58052/IEWDR01RJ,Sediment,-13.703,N/A
N/A,SSS015_INC-2,10.58052/IEWDR01RJ,Sediment,-25.249,N/A
N/A,SSS015_INC-3,10.58052/IEWDR01RJ,Sediment,-26.758,N/A
N/A,SSS016_INC-1,10.58052/IEWDR01RK,Sediment,-132.919,N/A
N/A,SSS016_INC-2,10.58052/IEWDR01RK,Sediment,-9999,RATE_002
N/A,SSS016_INC-3,10.58052/IEWDR01RK,Sediment,-75.219,N/A
N/A,SSS017_INC-1,10.58052/IEWDR01RL,Sediment,-5.121,N/A
N/A,SSS017_INC-2,10.58052/IEWDR01RL,Sediment,-5.402,N/A
N/A,SSS017_INC-3,10.58052/IEWDR01RL,Sediment,-4.756,N/A
N/A,SSS018_INC-1,10.58052/IEWDR01RM,Sediment,-2.001,N/A
N/A,SSS018_INC-2,10.58052/IEWDR01RM,Sediment,-6.043,N/A
N/A,SSS018_INC-3,10.58052/IEWDR01RM,Sediment,-1.529,N/A
N/A,SSS019_INC-1,10.58052/IEWDR01RN,Sediment,-10.799,N/A
N/A,SSS019_INC-2,10.58052/IEWDR01RN,Sediment,-18.68,N/A
N/A,SSS019_INC-3,10.58052/IEWDR01RN,Sediment,-25.347,N/A
N/A,SSS020_INC-1,10.58052/IEWDR01RO,Sediment,-98.568,N/A
N/A,SSS020_INC-2,10.58052/IEWDR01RO,Sediment,-33.18,N/A
N/A,SSS020_INC-3,10.58052/IEWDR01RO,Sediment,-88.985,N/A
N/A,SSS021_INC-1,10.58052/IEWDR01RP,Sediment,-5.025,N/A
N/A,SSS021_INC-2,10.58052/IEWDR01RP,Sediment,-11.464,N/A
N/A,SSS021_INC-3,10.58052/IEWDR01RP,Sediment,-14.323,N/A
N/A,SSS022_INC-1,10.58052/IEWDR01RQ,Sediment,-3.277,N/A
N/A,SSS022_INC-2,10.58052/IEWDR01RQ,Sediment,-3.525,N/A
N/A,SSS022_INC-3,10.58052/IEWDR01RQ,Sediment,-2.668,N/A
N/A,SSS023_INC-1,10.58052/IEWDR01RR,Sediment,-2936.541,RATE_000
N/A,SSS023_INC-2,10.58052/IEWDR01RR,Sediment,-3235.009,RATE_000
N/A,SSS023_INC-3,10.58052/IEWDR01RR,Sediment,-1691.558,RATE_000
N/A,SSS024_INC-1,10.58052/IEWDR01RS,Sediment,-1740.844,RATE_000
N/A,SSS024_INC-2,10.58052/IEWDR01RS,Sediment,-2084.19,RATE_000
N/A,SSS024_INC-3,10.58052/IEWDR01RS,Sediment,-1713.762,RATE_000
N/A,SSS025_INC-1,10.58052/IEWDR01RT,Sediment,-3555.338,RATE_000
N/A,SSS025_INC-2,10.58052/IEWDR01RT,Sediment,-3631.264,RATE_000
N/A,SSS025_INC-3,10.58052/IEWDR01RT,Sediment,-3685.399,RATE_000
N/A,SSS026_INC-1,10.58052/IEWDR01RU,Sediment,-3114.613,RATE_000
N/A,SSS026_INC-2,10.58052/IEWDR01RU,Sediment,-3019.186,RATE_000
N/A,SSS026_INC-3,10.58052/IEWDR01RU,Sediment,-2328.29,RATE_000
N/A,SSS027_INC-1,10.58052/IEWDR01RV,Sediment,-16.971,N/A
N/A,SSS027_INC-2,10.58052/IEWDR01RV,Sediment,-17.59,N/A
N/A,SSS027_INC-3,10.58052/IEWDR01RV,Sediment,-19.645,N/A
N/A,SSS028_INC-1,10.58052/IEWDR01RW,Sediment,-22.312,N/A
N/A,SSS028_INC-2,10.58052/IEWDR01RW,Sediment,-15.551,N/A
N/A,SSS028_INC-3,10.58052/IEWDR01RW,Sediment,-15.982,N/A
N/A,SSS029_INC-1,10.58052/IEWDR01RX,Sediment,-42.684,N/A
N/A,SSS029_INC-2,10.58052/IEWDR01RX,Sediment,-29.332,N/A
N/A,SSS029_INC-3,10.58052/IEWDR01RX,Sediment,-49.168,N/A
N/A,SSS030_INC-1,10.58052/IEWDR01RY,Sediment,-13.607,N/A
N/A,SSS030_INC-2,10.58052/IEWDR01RY,Sediment,-8.912,N/A
N/A,SSS030_INC-3,10.58052/IEWDR01RY,Sediment,-13.787,N/A
N/A,SSS031_INC-1,10.58052/IEWDR01RZ,Sediment,-5.726,N/A
N/A,SSS031_INC-2,10.58052/IEWDR01RZ,Sediment,-2.309,N/A
N/A,SSS031_INC-3,10.58052/IEWDR01RZ,Sediment,-4.841,N/A
N/A,SSS032_INC-1,10.58052/IEWDR01S0,Sediment,-3.776,N/A
N/A,SSS032_INC-2,10.58052/IEWDR01S0,Sediment,-3.711,N/A
N/A,SSS032_INC-3,10.58052/IEWDR01S0,Sediment,-3.252,N/A
N/A,SSS033_INC-1,10.58052/IEWDR01S1,Sediment,-5.143,N/A
N/A,SSS033_INC-2,10.58052/IEWDR01S1,Sediment,-6.747,N/A
N/A,SSS033_INC-3,10.58052/IEWDR01S1,Sediment,-5.009,N/A
N/A,SSS034_INC-1,10.58052/IEWDR01S2,Sediment,-4.317,N/A
N/A,SSS034_INC-2,10.58052/IEWDR01S2,Sediment,-4.114,N/A
N/A,SSS034_INC-3,10.58052/IEWDR01S2,Sediment,-4.012,N/A
N/A,SSS035_INC-1,10.58052/IEWDR01S3,Sediment,-5.28,N/A
N/A,SSS035_INC-2,10.58052/IEWDR01S3,Sediment,-4.866,N/A
N/A,SSS035_INC-3,10.58052/IEWDR01S3,Sediment,-4.029,N/A
N/A,SSS036_INC-1,10.58052/IEWDR01S4,Sediment,-44.735,N/A
N/A,SSS036_INC-2,10.58052/IEWDR01S4,Sediment,-47.306,N/A
N/A,SSS036_INC-3,10.58052/IEWDR01S4,Sediment,-54.998,N/A
N/A,SSS037_INC-1,10.58052/IEWDR01S5,Sediment,-13.981,N/A
N/A,SSS037_INC-2,10.58052/IEWDR01S5,Sediment,-19.972,N/A
N/A,SSS037_INC-3,10.58052/IEWDR01S5,Sediment,-10.759,N/A
N/A,SSS038_INC-1,10.58052/IEWDR01S6,Sediment,-9.653,N/A
N/A,SSS038_INC-2,10.58052/IEWDR01S6,Sediment,-11.301,N/A
N/A,SSS038_INC-3,10.58052/IEWDR01S6,Sediment,-14.805,N/A
N/A,SSS039_INC-1,10.58052/IEWDR01S7,Sediment,-8.484,N/A
N/A,SSS039_INC-2,10.58052/IEWDR01S7,Sediment,-10.567,N/A
N/A,SSS039_INC-3,10.58052/IEWDR01S7,Sediment,-7.194,N/A
N/A,SSS040_INC-1,10.58052/IEWDR01S8,Sediment,-8.895,N/A
N/A,SSS040_INC-2,10.58052/IEWDR01S8,Sediment,-6.055,N/A
N/A,SSS040_INC-3,10.58052/IEWDR01S8,Sediment,-5.316,N/A
N/A,SSS041_INC-1,10.58052/IEWDR01S9,Sediment,-13.237,N/A
N/A,SSS041_INC-2,10.58052/IEWDR01S9,Sediment,-16.22,N/A
N/A,SSS041_INC-3,10.58052/IEWDR01S9,Sediment,-9.739,N/A
N/A,SSS042_INC-1,10.58052/IEWDR01SA,Sediment,-4.783,N/A
N/A,SSS042_INC-2,10.58052/IEWDR01SA,Sediment,-5.617,N/A
N/A,SSS042_INC-3,10.58052/IEWDR01SA,Sediment,-3.711,N/A
N/A,SSS043_INC-1,10.58052/IEWDR01SB,Sediment,-6.843,N/A
N/A,SSS043_INC-2,10.58052/IEWDR01SB,Sediment,-7.481,N/A
N/A,SSS043_INC-3,10.58052/IEWDR01SB,Sediment,-4.8,N/A
N/A,SSS044_INC-1,10.58052/IEWDR01SC,Sediment,-8.086,N/A
N/A,SSS044_INC-2,10.58052/IEWDR01SC,Sediment,-7.114,N/A
N/A,SSS044_INC-3,10.58052/IEWDR01SC,Sediment,-6.128,N/A
N/A,SSS045_INC-1,10.58052/IEWDR01SD,Sediment,-6.34,N/A
N/A,SSS045_INC-2,10.58052/IEWDR01SD,Sediment,-8.58,N/A
N/A,SSS045_INC-3,10.58052/IEWDR01SD,Sediment,-6.929,N/A
N/A,SSS046_INC-1,10.58052/IEWDR01SE,Sediment,-20.56,N/A
N/A,SSS046_INC-2,10.58052/IEWDR01SE,Sediment,-49.411,N/A
N/A,SSS046_INC-3,10.58052/IEWDR01SE,Sediment,-23.471,N/A
N/A,SSS047_INC-1,10.58052/IEWDR01SF,Sediment,-55.839,N/A
N/A,SSS047_INC-2,10.58052/IEWDR01SF,Sediment,-139.468,N/A
N/A,SSS047_INC-3,10.58052/IEWDR01SF,Sediment,-57.782,N/A
N/A,SSS048_INC-1,10.58052/IEWDR01SG,Sediment,-10.763,N/A
N/A,SSS048_INC-2,10.58052/IEWDR01SG,Sediment,-10.094,N/A
N/A,SSS048_INC-3,10.58052/IEWDR01SG,Sediment,-8.309,N/A
#End_Data,,,,,
