Method_Name,Method_ID,Method_Type,Method_Description,Method_Instrument,Method_Lab
Data_Status,ready_to_use,N/A,The data have been evaluated and are ready to use,N/A,Pacific Northwest National Laboratory (PNNL)
DP_Method_QA_QC,DTL_003,MethodID_DataProcessing,"Individual data cells contain a flag if the concentration measured was (1) negative; (2) outside of the standard curve; or (3) below the limit of detection (LOD). The text flag is formatted as ""[DataType]_[Below/Above]_[##]_ppm_[LOD/Standard]|[##]_ppm_Raw_Not_Corrected|[##]_ppm_Final_Corrected"". The ""|"" is used to allow the user to parse apart the three pieces of information. The first part of the text string indicates the reason for the flag and the value of the LOD or Standard. The second part indicates the raw data value without any correction. The third part indicates the final corrected value. This value could be corrected based on dilution or other corrections (see the alphanumeric codes at the top of the data column for more details). A text string such as ""NPOC_Above_30_ppm_Standard|30.1_ppm_Raw_Not_Corrected|415.2_ppm_Final_Corrected"" indicates that the NPOC value is above the 30ppm standard (the highest standard used); the raw value was 30.1ppm; and the corrected value (due to dilution) is 415.2ppm. The raw not corrected and final corrected values could be the same if there was no dilution or other corrections needed. Negative concentration values are not reported; rather ""Negative_Value"" and ""-9999"" are included in the text string (e.g. ""NPOC_Below_0.5_ppm_LOD|Negative_Value_Raw_Not_Corrected|-9999_ppm_Final_Corrected"").",N/A,Pacific Northwest National Laboratory (PNNL)
DWA_Deviation,DWA_001,MethodID_Analysis,Sample was incubated with 2.5 milliliters of sediment instead of 10 milliliters of sediment.,N/A,Pacific Northwest National Laboratory (PNNL) - Richland
DWA_Typical,DWA_T_AN_000,MethodID_Analysis,The mass of the 40 milliliter glass vial with an oxygen sensor spot and sediment was recorded and a breathe-easy membrane was added to the vial opening. Samples were then kept in an temperature controlled chamber set at 21 degC overnight until analysis. The following day unfiltered water from the same sample site was added to the vial until there was no headspace. Following incubation 2 milliliters of slurry were subsampled for iron (II) analysis from the 40 milliliter glass vials before reweighing the samples. The 40 milliliter glass vials contained 1) an oxygen sensor spot; 2) sediment; and 3) unfiltered water. Samples of the slurry were then transferred to pre-weighed 50 milliliter proteomic friendly falcon tubes and mass was recorded. Samples were then centrifuged and water was disposed of. The 50 milliliter tube with wet sediment was then weighed. The remaining sediment sample was then dried at 105 degC for 48 hours or until mass of dry sediment was stable. The 50 milliliter tubes with dry sediment were allowed to cool to room temperature in a desiccator and then weighed again.,N/A,Pacific Northwest National Laboratory (PNNL) - Richland
DWA_Typical,DWA_T_DP_000,MethodID_DataProcessing,The wet mass of sediment in grams was calculated as the mass of wet sediment and 40 milliliter glass vial minus the mass of the 40 milliliter glass vial. The dry mass of sediment in grams was calculated from the mass of dry sediment minus the mass of the 50 milliliter proteomic friendly falcon tube it was transferred to following lab incubations. The mass of water in grams in the 40 milliliter glass vials was calculated as the mass of the 40 milliliter glass vial with sediment and water minus the mass of the 40 milliliter vial and the mass of dry sediment plus the approximately 2 grams removed for iron subsampling. Sediment volume was either 10 milliliters or 2.5 milliliters as subsampled into the 40 milliliter glass vial.,N/A,Pacific Northwest National Laboratory (PNNL) - Richland
DWA_Typical,DWA_T_IN_000,MethodID_Inspection,Vials were intact and filled to appropriate levels.,N/A,Pacific Northwest National Laboratory (PNNL) - Richland
DWA_Typical,DWA_T_PREP_000,MethodID_Preparation,Upon arrival sediment was subsampled into pre-weighed 40 milliliter glass vial with an oxygen sensor spot.,N/A,Pacific Northwest National Laboratory (PNNL) - Richland
DWA_Typical,DWA_T_PRES_000,MethodID_Preservation,No additional preservation performed.,N/A,Pacific Northwest National Laboratory (PNNL) - Richland
DWA_Typical,DWA_T_ST_000,MethodID_Storage,Sediment and water samples were kept in a temperature controlled chamber set at 21 degC before incubations. Following incubations combined sediment and water samples were kept at room temperature.,N/A,Pacific Northwest National Laboratory (PNNL) - Richland
Fe_Typical,Fe_T_AN_001,MethodID_Analysis,Three analytical replicates (a; b; c) were analyzed for each biological replicate (1;2; 3) (i.e. each sample has the following reps:-1a; -1b; -1c; -2a; -2b; -2c; -3a; -3b; -3c). 20 microliters of filtered sample was used for analysis. Standard concentration range was 0 to 2 milligrams iron (II) per liter. Samples were diluted with 0.5 molar hydrochloric acid if they were above the highest standard concentration.,Agilent BioTek Synergy Neo2 Hybrid Multimode Reader,Pacific Northwest National Laboratory (PNNL) - Richland
Fe_Typical,Fe_T_DP_001,MethodID_DataProcessing,Manually checked data and calibration curves prior to uploading data. Raw absorbance data was processed through a data evaluation script that calculated milligrams iron (II) per liter based on the standard curve and flagged samples below limit of detection and outside of the standard curve. The coefficient of variation (CV) was calculated among analytical replicates; samples were flagged and reran with five more analytical replicates (d; e; f; g; h) if CV was greater than 10 percent and range was greater than 0.04. Samples were normalized to milligrams iron (II) per kilogram sediment in the incubation vial using the dry mass of sediment and mass of water in the incubation vial.,N/A,Pacific Northwest National Laboratory (PNNL) - Richland
Fe_Typical,Fe_T_IN_001,MethodID_Inspection,Vials were intact.,N/A,Pacific Northwest National Laboratory (PNNL) - Richland
Fe_Typical,Fe_T_PREP_001,MethodID_Preparation,Samples were filtered with a 0.45 micrometer nylon disc filter.,N/A,Pacific Northwest National Laboratory (PNNL) - Richland
Fe_Typical,Fe_T_PRES_001,MethodID_Preservation,2 milliliters of sediment/water incubation slurry was subsampled immediately following incubation for oxygen partial pressure measurements and preserved with 40 microliters of 12 molar hydrochloric acid.,N/A,Pacific Northwest National Laboratory (PNNL) - Richland
Fe_Typical,Fe_T_ST_001,MethodID_Storage,Stored at 4 degC and brought to room temperature before analysis.,N/A,Pacific Northwest National Laboratory (PNNL) - Richland
GRN_Method,GRN_PREP_005,MethodID_Preparation,Sample spilled while sieving. Sample still analyzed.,N/A,Pacific Northwest National Laboratory (PNNL)
GRN_Typical,GRN_T_AN_001,MethodID_Analysis,Temperature and hydrometer readings taken at 90 minutes and 24 hours. Sediments were then separated using 53 micrometer; 250 micrometer; and 500 micrometer sieves.,Gilson SA-2 ASTM 152H Soil Hydrometer,Pacific Northwest National Laboratory (PNNL) - Richland
GRN_Typical,GRN_T_DP_001,MethodID_DataProcessing,Fine sand was defined as sediment between 53 micrometers and 250 micrometers. Medium sand was defined as sediment between 250 micrometers and 500 micrometers. Coarse sand was defined as sediment between 500 micrometers and 2000 micrometers (2 millimeters). Percent fine; medium; and coarse sand were calculated by dividing the respective weight by the total dry weight. Percent clay was calculated from equations taken from Gee & Bauder 1986 in Methods of Soil Analysis; Part I; Physical and Mineralogical Methods using hydrometer readings at 1.5 hours (90 minutes) and 24 hours (1440 minutes). Negative clay values calculated by the script were considered below detection limit and reported as zero percent clay. When clay plus sand were greater than 100 percent; clay was adjusted so that the total percentage was 100 percent. Percent silt was calculated as percent sand minus percent clay. ,N/A,Pacific Northwest National Laboratory (PNNL) - Richland
GRN_Typical,GRN_T_IN_001,MethodID_Inspection,Vials were intact.,N/A,Pacific Northwest National Laboratory (PNNL) - Richland
GRN_Typical,GRN_T_PREP_001,MethodID_Preparation,Samples were sieved to 2 milliliters when received and then stored until ready for final preparation. Samples were added to mixing cup with 100 milliliters of 50 grams_per_liter of sodium hexametaphosphate and 250 milliliters deionized water and left to soak overnight. If needed; 5 - 20 milliliters of 30 percent hydrogen peroxide was added to samples with 25 milliliters of Milli-Q water before adding sodium hexametaphosphate to remove organic matter. Samples were mixed with blender for five minutes then added to sedimentation cylinder and brought to 1 liter volume with deionized water. Samples were hand shaken for 30 seconds and left to settle.,N/A,Pacific Northwest National Laboratory (PNNL) - Richland
GRN_Typical,GRN_T_PRES_001,MethodID_Preservation,No preservatives added.,N/A,Pacific Northwest National Laboratory (PNNL) - Richland
GRN_Typical,GRN_T_ST_001,MethodID_Storage,Samples were dried in an oven at 60 degC and stored at room temperature.,N/A,Pacific Northwest National Laboratory (PNNL) - Richland
GRN_Vial_Inspection_Method,VI_GRN_001,MethodID_Inspection,Less than 10 grams of sediment available for analysis.,N/A,Pacific Northwest National Laboratory (PNNL)
GRN_Vial_Inspection_Method,VI_GRN_003,MethodID_Inspection,Sediment was not collected.,N/A,Pacific Northwest National Laboratory (PNNL)
INC_Deviation,INC_001,MethodID_Analysis,Samples that started below 5 milligrams_per_liter oxygen at time zero following the typical incubation methods were re-incubated using 2.5 milliliters of material (rather than 10 milliliters) into a 40 milliliter glass vial with an oxygen sensor spot and a breathe-easy membrane added to the vial opening. Samples were kept in a temperature controlled chamber set at 21 degC overnight until analysis. The following day unfiltered water from the same sample site was added to the vial until there was no headspace. This was considered the start time for the incubation. 10 milliliter incubation results were removed from the dataset.,N/A,Pacific Northwest National Laboratory (PNNL) - Richland
INC_Method_QA_QC,INC_QA_000,MethodID_DataProcessing,Mass of 50 milliliter proteomic friendly falcon tube was not weighed for calculating dry weight. The average mass of all other 50 milliliter proteomic friendly falcon tubes was used instead.,N/A,Pacific Northwest National Laboratory (PNNL)
INC_Method_QA_QC,INC_QA_001,MethodID_DataProcessing,Mass of 40 milliliter glass vial with sediment and water added was not recorded. Calculated mass of water from mass of sediment and water after transfer to 50 milliliter proteomic friendly falcon tube minus the mass of dry sediment and mass of 50 milliliter proteomic friendly falcon tube.,N/A,Pacific Northwest National Laboratory (PNNL)
INC_Method_QA_QC,INC_QA_002,MethodID_DataProcessing,Mass of 40 milliliter vial with wet sediment and mass of 40 milliliter vial with wet sediment and water not recorded. Mass of wet sediment and mass of water in vial calculated as an average of all other incubations.,N/A,Pacific Northwest National Laboratory (PNNL)
INC_Typical,INC_T_AN_000,MethodID_Analysis,Time series measurements of the incubation were taken on a Fibox 3 to measure dissolved oxygen in a nondestructive manner.  A polymer optic cable connected to a Fibox 3 takes measurements through the vial wall using the oxygen sensor spots placed inside of the vial for contactless partial pressure measurements of oxygen. Measurements were taken at the following time intervals: 0 minutes; 5 minutes; 10 minutes; 15 minutes; 30 minutes; 1 hour; and 2 hour or until the sample was below 5 parts per million of dissolved oxygen.,Fibox 3,Pacific Northwest National Laboratory (PNNL) - Richland
INC_Typical,INC_T_AN_001,MethodID_Analysis,Time series measurements of the incubation were taken on a Fibox 3 to measure dissolved oxygen in a nondestructive manner.  A polymer optic cable connected to a Fibox 3 takes measurements through the vial wall using the oxygen sensor spots placed inside of the vial for contactless partial pressure measurements of oxygen. Measurements were taken at the following time intervals: 0 minutes; 5 minutes; 10 minutes; 15 minutes; 30 minutes; 1 hour; and 2 hour or until the sample was below 5 parts per million of dissolved oxygen.,Fibox 3,Pacific Northwest National Laboratory (PNNL) - Richland
INC_Typical,INC_T_DP_000,MethodID_DataProcessing,Respiration rates were calculated as the slope of the linear regression between dissolved oxygen (DO) measurements and incubation time. Points were removed from the regression for the following two reasons: 1) DO at time zero (the beginning of the incubation) was removed from the regression if the concentration was above the 1 milligram_per_liter above the threshold of expected DO concentration for 100 percent saturation at the experimental temperature and pressure. 2) If the regression does not seem to have a linear relationship (R-Squared value below 0.99) then points are removed from the end of the regression line (end of the time series) until the R-Squared value stops increasing or the total number of points reaches four. Note that points are removed only if the R-Squared value goes up after removing. If it goes down then the point is not removed.,N/A,Pacific Northwest National Laboratory (PNNL) - Richland
INC_Typical,INC_T_DP_001,MethodID_DataProcessing,"Dissolved oxygen (DO) respiration rates as milligrams_of_DO_per_liter_of_water_per_hour were normalized to per_liter_sediment by multiplying the rate by the liters of water in the incubation and dividing it by the liters of sediment In the equation. Therefore the normalized rates units are milligrams_of_DO_per_liter_of_sediment_per_hour.  Sediment and water volume can be found in the file ""CM_Sediment_Water_Mass_Volume.csv"".",N/A,Pacific Northwest National Laboratory (PNNL) - Richland
INC_Typical,INC_T_IN_000,MethodID_Inspection,Vials were intact and filled to appropriate levels.,N/A,Pacific Northwest National Laboratory (PNNL) - Richland
INC_Typical,INC_T_IN_001,MethodID_Inspection,Vials were intact and filled to appropriate levels.,N/A,Pacific Northwest National Laboratory (PNNL) - Richland
INC_Typical,INC_T_PREP_000,MethodID_Preparation,Upon arrival 10 milliliters (or 2.5 milliliters) of sample was subsampled into a 40 milliliter glass vial with an oxygen sensor spot and a breathe-easy membrane was added to the vial opening. They were then kept in an temperature controlled chamber set at 21 degC overnight until analysis. The following day unfiltered water from the same sample site was added to the vial until there was no headspace. This was considered the start time for the incubation.,N/A,Pacific Northwest National Laboratory (PNNL) - Richland
INC_Typical,INC_T_PREP_001,MethodID_Preparation,Upon arrival 10 milliliters (or 2.5 milliliters) of sample was subsampled into a 40 milliliter glass vial with an oxygen sensor spot and a breathe-easy membrane was added to the vial opening. They were then kept in an temperature controlled chamber set at 21 degC overnight until analysis. The following day unfiltered water from the same sample site was added to the vial until there was no headspace. This was considered the start time for the incubation.,N/A,Pacific Northwest National Laboratory (PNNL) - Richland
INC_Typical,INC_T_PRES_000,MethodID_Preservation,No additional preservation performed.,N/A,Pacific Northwest National Laboratory (PNNL) - Richland
INC_Typical,INC_T_PRES_001,MethodID_Preservation,No additional preservation performed.,N/A,Pacific Northwest National Laboratory (PNNL) - Richland
INC_Typical,INC_T_ST_000,MethodID_Storage,Samples were kept in a temperature controlled chamber set at 21 degC overnight until analysis.,N/A,Pacific Northwest National Laboratory (PNNL) - Richland
INC_Typical,INC_T_ST_001,MethodID_Storage,Samples were kept in a temperature controlled chamber set at 21 degC overnight until analysis.,N/A,Pacific Northwest National Laboratory (PNNL) - Richland
INC_Vial_Break_Method,VB_INC_001,MethodID_Inspection,Incubation vial broken. Not able to calculate dry weight or water weight.,N/A,Pacific Northwest National Laboratory (PNNL)
INC_Vial_Inspection_Method,VI_INC_001,MethodID_Inspection,Sediment was not collected.,N/A,Pacific Northwest National Laboratory (PNNL)
INC_Vial_Inspection_Method,VI_INC_002,MethodID_Inspection,Kit arrived to lab over holiday and was not incubated.,N/A,Pacific Northwest National Laboratory (PNNL)
NPOC_Method_QA_QC,NPOC_CV_030,MethodID_DataProcessing,Non-purgeable organic carbon coefficient of variation (CV) was higher than the set threshold.,N/A,Pacific Northwest National Laboratory (PNNL)
NPOC_Method_QA_QC,NPOC_QAQC_001,MethodID_DataProcessing,Blanks and check standards were assessed as apart of standard QAQC protocols. The difference between the expected and measured values of the blanks and check standards was calculated. Samples were flagged if the deviation between expected and measured values was higher than a threshold set for the study AND if the magnitude of the sample concentration was lower than 2 times the median value of the blanks. The flag indicates that the nonpurgeable organic carbon (NPOC) sample did not pass QAQC and data should not be used.,N/A,Pacific Northwest National Laboratory (PNNL)
NPOC_RERUN,NPOCRERUN_001,MethodID_Analysis,Sample was re-run because it fell outside of the calibration curve. An additional dilution was made from the leftover sample from the first try.,N/A,Pacific Northwest National Laboratory (PNNL)
NPOC_RERUN,NPOCRERUN_004,MethodID_Analysis,Samples were re-run because one replicate had much higher carbon concentration than the other two replicates. Remaining sample had to be diluted with MilliQ water to obtain enough volume for analysis. This is the second time this sample has been run. Data is usable.,N/A,Pacific Northwest National Laboratory (PNNL)
NPOC_Typical,NPOC_T_AN_005,MethodID_Analysis,Online acidification with 8 percent hydrochloric acid; sparge time for 2 minutes and 30 seconds; 3 washes of the syringe; Injection volume: 150 microliters; Furnace temperature: 720 degC; potassium hydrogen phthalate standard with concentration ranges 0-30 milligrams_per_liter; standards made within 7 days of run and kept at 4 degC between runs; Best 3 of 5 injections; Accepted deviation up to 0.1 milligrams_per_liter or 2 percent coefficient of variation.,Shimadzu Total Organic Carbon L series (TOC-L) with a Total Nitrogen Measurement L series (TNM-L),Pacific Northwest National Laboratory (PNNL) - Sequim/Richland; Environmental Molecular Sciences Laboratory
NPOC_Typical,NPOC_T_DP_005,MethodID_DataProcessing,Manually checked data and calibration curves prior to uploading data. Raw data was processed through a data evaluation script that flagged samples below limit of detection and outside of the standard curve. The coefficient of variation (CV) was calculated among replicates; samples were flagged if CV was outside a given threshold. The flags indicate the limits of detection and CV where applicable.,N/A,Pacific Northwest National Laboratory (PNNL) - Sequim/Richland; Environmental Molecular Sciences Laboratory
NPOC_Typical,NPOC_T_IN_005,MethodID_Inspection,Vials were intact and filled to appropriate levels.,N/A,Pacific Northwest National Laboratory (PNNL) - Sequim/Richland; Environmental Molecular Sciences Laboratory
NPOC_Typical,NPOC_T_PREP_005,MethodID_Preparation,Samples were brought to room temperature before analysis. Samples were diluted if concentrations were anticipated to be too high for instrument responses.,N/A,Pacific Northwest National Laboratory (PNNL) - Sequim/Richland; Environmental Molecular Sciences Laboratory
NPOC_Typical,NPOC_T_PRES_005,MethodID_Preservation,Samples were filtered in the field to 0.22 microns and kept at 4 degC until analysis for no longer than 14 days.,N/A,Pacific Northwest National Laboratory (PNNL) - Sequim/Richland; Environmental Molecular Sciences Laboratory
NPOC_Typical,NPOC_T_ST_005,MethodID_Storage,Vials were placed on blue ice after collection and then stored at 4 degC (refrigerator) until they were transferred or shipped to PNNL-Sequim/Richland Campus. Vials were placed under blue ice while in transit. At PNNL-Sequim/Richland Campus they were stored at 4 degC.,N/A,Pacific Northwest National Laboratory (PNNL) - Sequim/Richland; Environmental Molecular Sciences Laboratory
OCN_Vial_Break_Method,VB_OCN_001,MethodID_Inspection,Non-purgeable organic carbon (NPOC)/total nitrogen (TN) vial broke. Sample lost.,N/A,Pacific Northwest National Laboratory (PNNL)
OCN_Vial_Inspection_Method,VI_OCN_003,MethodID_Inspection,Non-purgeable organic carbon (NPOC)/total nitrogen (TN) vial underfilled.,N/A,Pacific Northwest National Laboratory (PNNL)
OCN_Vial_Inspection_Method,VI_OCN_004,MethodID_Inspection,Non-purgeable organic carbon (NPOC)/total nitrogen (TN) sample not collected.,N/A,Pacific Northwest National Laboratory (PNNL)
OCN_Vial_Inspection_Method,VI_OCN_006,MethodID_Inspection,Non-purgeable organic carbon (NPOC)/total nitrogen (TN) sample not collected. Used 30 mL of sample from BWT-1.,N/A,Pacific Northwest National Laboratory (PNNL)
OCN_Vial_Inspection_Method,VI_OCN_007,MethodID_Inspection,Non-purgeable organic carbon (NPOC)/total nitrogen (TN) was not analyzed within 2 week hold period resulting in no data reported.,N/A,Pacific Northwest National Laboratory (PNNL)
RATE_Method_QA_QC,RATE_000,MethodID_DataProcessing,A theoretical respiration rate was calculated and used in place of a measured value because the dissolved oxygen at time zero was lower than 5 milligrams_per_liter. This theoretical rate is calculated assuming that we start at 100 percent dissolved oxygen saturation conditions (set at 8.5 milligrams_per_liter for the laboratory pressure and temperature). Rates are calculated assuming that it takes 30 seconds to go from 8.5 milligrams_per_liter  to the measured dissolved oxygen value at time zero.,N/A,Pacific Northwest National Laboratory (PNNL)
RATE_Method_QA_QC,RATE_001,MethodID_DataProcessing,A theoretical respiration rate was calculated and used in place of a measured value (rather than a measured rate) although the sample did not meet the standard criteria for deciding when to calculate a theoretical rate versus using a measured value (see description for RATE_000). A theoretical rate was used here due to the other 2 (out of the 3) replicates meeting the criteria. (With this replacement) all replicates for this set of replicates are calculated theoretical rates.,N/A,Pacific Northwest National Laboratory (PNNL)
RATE_Method_QA_QC,RATE_002,MethodID_DataProcessing,Respiration rate was removed because it met the criteria for a calculated theoretical rate (see description for RATE_000) but the other 2 replicates (out of 3) did not. A theoretical rate was eliminated from the data if 2 out of the 3 replicates had measured respiration rates.,N/A,Pacific Northwest National Laboratory (PNNL)
SFE_Acidification_Method,SFE_ACID_001,MethodID_Preservation,The pH of the sediment Fe (II) sample was not correctly adjusted for analysis due to insufficient acidification. Data was removed.�,N/A,Pacific Northwest National Laboratory (PNNL)
SFE_Deviation,SFE_001,MethodID_Analysis,Sample was incubated with 2.5 milliliters of sediment instead of 10 milliliters of sediment.,N/A,Pacific Northwest National Laboratory (PNNL) - Richland
SFE_RERUN,SFE_RERUN_001,MethodID_Analysis,Sample was re-run because it fell outside of the calibration curve. A 2-times (2x) dilution (70 microliters of reacted sample plus 70 microliters of 0.5 molar hydrochloric acid) was made to achieve total volume of 140 microliters,N/A,Pacific Northwest National Laboratory (PNNL) - Richland
SFE_RERUN,SFE_RERUN_002,MethodID_Analysis,Sample was re-run with 5 additional analytical replicates because coefficient of variation was greater than 10 percent and range of concentration was greater than 0.04 milligrams_Fe_per_liter. At least 3 and up to 8 analytical replicates were used to obtain a coefficient of variation less than 10 percent or a range less than 0.04 milligrams_Fe_per_liter. -9999 indicates that sample value was removed because it was most unlike other replicates.,N/A,Pacific Northwest National Laboratory (PNNL) - Richland
SFE_Vial_Break_Method,VB_SFE_001,MethodID_Inspection,Vial broken. Not able to subsample for iron (II) analysis.,N/A,Pacific Northwest National Laboratory (PNNL)
SFE_Vial_Inspection_Method,VI_SFE_001,MethodID_Inspection,Sediment was not collected.,N/A,Pacific Northwest National Laboratory (PNNL)
SFE_Vial_Inspection_Method,VI_SFE_002,MethodID_Inspection,Kit arrived to lab over holiday and Fe (II) analysis could not be completed.,N/A,Pacific Northwest National Laboratory (PNNL)
SSA_Deviation,SSA_000,MethodID_Analysis,Sample got bumped; lost some sample and had to be reran.,N/A,Pacific Northwest National Laboratory (PNNL)
SSA_Deviation,SSA_001,MethodID_Analysis,Sample had sodium chloride solution accidentally added to it,N/A,Pacific Northwest National Laboratory (PNNL)
SSA_Method_QA_QC,SSA_QAQC_000,MethodID_DataProcessing,Outlier value removed after running Dixon test that determines which is most significantly different from other replicates.,N/A,Pacific Northwest National Laboratory (PNNL)
SSA_Method_QA_QC,SSA_QAQC_001,MethodID_DataProcessing,Coefficient of variation (CV) is over 0.30 threshold,N/A,Pacific Northwest National Laboratory (PNNL)
SSA_RERUN,SSA_RERUN_000,MethodID_Analysis,Sample was rerun due to coefficient of variation being over the criteria described in the method typical code.,N/A,Pacific Northwest National Laboratory (PNNL)
SSA_Typical,SSA_T_AN_000,MethodID_Analysis,The WP4C measures water potential by determining the relative humidity of the air above a sample in a sealed chamber. Once the sample comes into equilibrium with the vapor relative humidity is determined using the chilled mirror method. Mass of the sample was measured immediately after WP4C measurement and samples were placed in oven for 105 degC for two days. Dry weight of sample was measured within minutes of removing from oven. Using weights and water potential specific surface area was calculated using equation cited in (Tuller & Or 2005) & (Yukselen & Kaya 2006).,WP4C Dewpoint PotentiaMeter,Pacific Northwest National Laboratory (PNNL) - Richland
SSA_Typical,SSA_T_DP_000,MethodID_DataProcessing,Calculated specific surface area data was processed through a data evaluation script that calculated the coefficient of variation (CV) among replicates; samples were flagged if the coefficient of variation was outside a given threshold. Samples were rehomogenized and subsampled for two additional replicates. Negative values were removed from final values and then a Dixon outlier test was completed to identify which replicates values to keep. The data value from one replicate was removed if the Dixon outlier test flagged the sample.,N/A,Pacific Northwest National Laboratory (PNNL) - Richland
SSA_Typical,SSA_T_IN_000,MethodID_Inspection,Vials were intact.,N/A,Pacific Northwest National Laboratory (PNNL) - Richland
SSA_Typical,SSA_T_PREP_000,MethodID_Preparation,Sediment tubes were uncapped and incubated for 2 days prior to analysis within an enclosed bin. The bin included a beaker with 50 milliliters of saturated sodium chloride solution to keep relative humidity levels to 75 percent. Prior to subsampling sediment was homogenized within tube and subsampled into 3 WP4C trays for measurement on WP4C.,N/A,Pacific Northwest National Laboratory (PNNL) - Richland
SSA_Typical,SSA_T_PRES_000,MethodID_Preservation,No preservatives added.,N/A,Pacific Northwest National Laboratory (PNNL) - Richland
SSA_Typical,SSA_T_ST_000,MethodID_Storage,Stored at room temperature.,N/A,Pacific Northwest National Laboratory (PNNL) - Richland
TN_Method_QA_QC,TN_CV_030,MethodID_DataProcessing,Total nitrogen coefficient of variation (CV) was higher than the set threshold.,N/A,Pacific Northwest National Laboratory (PNNL)
TN_RERUN,TNRERUN_003,MethodID_Analysis,Sample was re-run because it fell outside of the calibration curve. An additional dilution was made from the leftover sample from the first run.,N/A,Pacific Northwest National Laboratory (PNNL)
TN_RERUN,TNRERUN_004,MethodID_Analysis,Samples was re-run due to coefficient of variation between replicates being greater than 30%. Remaining sample had to be diluted with MilliQ water to obtain enough volume for analysis. This is the second time this sample has been run. Data is usable.,N/A,Pacific Northwest National Laboratory (PNNL)
TN_Typical,TN_T_AN_005,MethodID_Analysis,Sparge time for 2 minutes and 30 seconds; 3 washes of the syringe; Injection volume: 150 microliters; Furnace temperature: 720 degC; potassium nitrate standard with concentration ranges 0-3 milligrams_per_liter; standards made within 7 days of run and kept at 4 degC between runs; Best 3 of 5 injections; Accepted deviation up to 0.1 milligrams_per_liter or 2 percent coefficient of variation.,Shimadzu Total Organic Carbon L series (TOC-L) with a Total Nitrogen Measurement L series (TNM-L),Pacific Northwest National Laboratory (PNNL) - Sequim/Richland; Environmental Molecular Sciences Laboratory
TN_Typical,TN_T_DP_005,MethodID_DataProcessing,Manually checked data and calibration curves prior to uploading data. Raw data was processed through a data evaluation script that flagged samples below limit of detection and outside of the standard curve. The coefficient of variation (CV) was calculated among replicates; samples were flagged if CV was outside a given threshold. The flags indicate the limits of detection and CV where applicable.,N/A,Pacific Northwest National Laboratory (PNNL) - Sequim/Richland; Environmental Molecular Sciences Laboratory
TN_Typical,TN_T_IN_005,MethodID_Inspection,Vials were intact and filled to appropriate levels.,N/A,Pacific Northwest National Laboratory (PNNL) - Sequim/Richland; Environmental Molecular Sciences Laboratory
TN_Typical,TN_T_PREP_005,MethodID_Preparation,Samples were brought to room temperature before analysis. Samples were diluted if concentrations were anticipated to be too high for instrument responses.,N/A,Pacific Northwest National Laboratory (PNNL) - Sequim/Richland; Environmental Molecular Sciences Laboratory
TN_Typical,TN_T_PRES_005,MethodID_Preservation,Samples were filtered in the field to 0.22 microns and kept at 4 degC until analysis for no longer than 14 days.,N/A,Pacific Northwest National Laboratory (PNNL) - Sequim/Richland; Environmental Molecular Sciences Laboratory
TN_Typical,TN_T_ST_005,MethodID_Storage,Vials were placed on blue ice after collection and then stored at 4 degC (refrigerator) until they were transferred or shipped to PNNL - Sequim Campus. Vials were placed under blue ice while in transit. At PNNL - Sequim Campus they were stored at 4 degC.,N/A,Pacific Northwest National Laboratory (PNNL) - Sequim/Richland; Environmental Molecular Sciences Laboratory
