# HeaderRows_8
# HeaderRows_Format: Column_Header; Unit; InstallationMethod_ID; Instrument_Summary
# DateTime; YYYY-MM-DD hh:mm:ss; Minidot_01; PME miniDOT Logger real time clock.
# Battery; volts; Minidot_01; PME miniDOT Logger internal batteries.
# Temperature; degree_celsius; Minidot_01; PME miniDOT Logger with temperature sensor.
# Dissolved_Oxygen; milligrams_per_liter; Minidot_01; PME miniDOT Logger with optical dissolved oxygen sensor (fluorescence quenching).
# Dissolved_Oxygen_Saturation; percent_saturation; Minidot_01; PME miniDOT Logger with optical dissolved oxygen sensor (fluorescence quenching).
DateTime,Time_Zone,Parent_ID,miniDOT_SN,Battery,Temperature,Dissolved_Oxygen,Dissolved_Oxygen_Saturation
 2022-05-15 18:00:00,Pacific Standard Time (UTC-8),CM_007,008813,3.5,13.91,10.355,100.29
 2022-05-15 18:01:00,Pacific Standard Time (UTC-8),CM_007,008813,3.5,13.79,10.384,100.3
 2022-05-15 18:02:00,Pacific Standard Time (UTC-8),CM_007,008813,3.5,13.64,10.43,100.41
 2022-05-15 18:03:00,Pacific Standard Time (UTC-8),CM_007,008813,3.5,13.54,10.44,100.28
 2022-05-15 18:04:00,Pacific Standard Time (UTC-8),CM_007,008813,3.49,13.43,10.46,100.22
 2022-05-15 18:05:00,Pacific Standard Time (UTC-8),CM_007,008813,3.49,13.29,10.496,100.25
 2022-05-15 18:06:00,Pacific Standard Time (UTC-8),CM_007,008813,3.49,13.21,10.499,100.12
 2022-05-15 18:07:00,Pacific Standard Time (UTC-8),CM_007,008813,3.49,13.08,10.54,100.22
 2022-05-15 18:08:00,Pacific Standard Time (UTC-8),CM_007,008813,3.5,12.96,10.57,100.23
 2022-05-15 18:09:00,Pacific Standard Time (UTC-8),CM_007,008813,3.5,12.86,10.584,100.12
 2022-05-15 18:10:00,Pacific Standard Time (UTC-8),CM_007,008813,3.5,12.75,10.62,100.23
 2022-05-15 18:11:00,Pacific Standard Time (UTC-8),CM_007,008813,3.5,12.66,10.642,100.23
 2022-05-15 18:12:00,Pacific Standard Time (UTC-8),CM_007,008813,3.5,12.56,10.66,100.19
 2022-05-15 18:13:00,Pacific Standard Time (UTC-8),CM_007,008813,3.5,12.46,10.678,100.12
