# HeaderRows_8
# HeaderRows_Format: Column_Header; Unit; InstallationMethod_ID; Instrument_Summary
# DateTime; YYYY-MM-DD hh:mm:ss; Minidot_01; PME miniDOT Logger real time clock.
# Battery; volts; Minidot_01; PME miniDOT Logger internal batteries.
# Temperature; degree_celsius; Minidot_01; PME miniDOT Logger with temperature sensor.
# Dissolved_Oxygen; milligrams_per_liter; Minidot_01; PME miniDOT Logger with optical dissolved oxygen sensor (fluorescence quenching).
# Dissolved_Oxygen_Saturation; percent_saturation; Minidot_01; PME miniDOT Logger with optical dissolved oxygen sensor (fluorescence quenching).
DateTime,Time_Zone,Parent_ID,miniDOT_SN,Battery,Temperature,Dissolved_Oxygen,Dissolved_Oxygen_Saturation
 2022-05-15 12:20:00,Pacific Standard Time (UTC-8),CM_006,441037,3.47,21.04,7.451,83.64
 2022-05-15 12:21:00,Pacific Standard Time (UTC-8),CM_006,441037,3.47,20.79,7.494,83.72
 2022-05-15 12:22:00,Pacific Standard Time (UTC-8),CM_006,441037,3.47,20.58,7.529,83.75
 2022-05-15 12:23:00,Pacific Standard Time (UTC-8),CM_006,441037,3.47,20.35,7.558,83.7
 2022-05-15 12:24:00,Pacific Standard Time (UTC-8),CM_006,441037,3.47,20.11,7.563,83.37
 2022-05-15 12:25:00,Pacific Standard Time (UTC-8),CM_006,441037,3.47,19.91,7.588,83.31
 2022-05-15 12:26:00,Pacific Standard Time (UTC-8),CM_006,441037,3.47,19.71,7.597,83.08
 2022-05-15 12:27:00,Pacific Standard Time (UTC-8),CM_006,441037,3.47,19.5,7.657,83.38
 2022-05-15 12:28:00,Pacific Standard Time (UTC-8),CM_006,441037,3.47,19.3,7.708,83.6
 2022-05-15 12:29:00,Pacific Standard Time (UTC-8),CM_006,441037,3.47,19.1,7.731,83.51
 2022-05-15 12:30:00,Pacific Standard Time (UTC-8),CM_006,441037,3.47,18.89,7.732,83.17
 2022-05-15 12:31:00,Pacific Standard Time (UTC-8),CM_006,441037,3.47,18.73,7.677,82.31
 2022-05-15 12:32:00,Pacific Standard Time (UTC-8),CM_006,441037,3.47,18.55,7.642,81.63
 2022-05-15 12:33:00,Pacific Standard Time (UTC-8),CM_006,441037,3.47,18.35,7.607,80.94
 2022-05-15 12:34:00,Pacific Standard Time (UTC-8),CM_006,441037,3.47,18.18,7.562,80.17
 2022-05-15 12:35:00,Pacific Standard Time (UTC-8),CM_006,441037,3.47,17.98,7.511,79.31
 2022-05-15 12:36:00,Pacific Standard Time (UTC-8),CM_006,441037,3.47,17.8,7.459,78.47
 2022-05-15 12:37:00,Pacific Standard Time (UTC-8),CM_006,441037,3.47,17.67,7.408,77.72
 2022-05-15 12:38:00,Pacific Standard Time (UTC-8),CM_006,441037,3.47,17.51,7.366,77.03
 2022-05-15 12:39:00,Pacific Standard Time (UTC-8),CM_006,441037,3.47,17.35,7.381,76.93
 2022-05-15 12:40:00,Pacific Standard Time (UTC-8),CM_006,441037,3.47,17.18,7.476,77.64
 2022-05-15 12:41:00,Pacific Standard Time (UTC-8),CM_006,441037,3.47,17.05,7.584,78.56
 2022-05-15 12:42:00,Pacific Standard Time (UTC-8),CM_006,441037,3.48,16.89,7.659,79.07
 2022-05-15 12:43:00,Pacific Standard Time (UTC-8),CM_006,441037,3.47,16.77,7.715,79.45
 2022-05-15 12:44:00,Pacific Standard Time (UTC-8),CM_006,441037,3.47,16.61,7.704,79.07
 2022-05-15 12:45:00,Pacific Standard Time (UTC-8),CM_006,441037,3.47,16.5,7.677,78.61
 2022-05-15 12:46:00,Pacific Standard Time (UTC-8),CM_006,441037,3.47,16.38,7.625,77.88
 2022-05-15 12:47:00,Pacific Standard Time (UTC-8),CM_006,441037,3.47,16.25,7.611,77.53
 2022-05-15 12:48:00,Pacific Standard Time (UTC-8),CM_006,441037,3.47,16.12,7.632,77.52
 2022-05-15 12:49:00,Pacific Standard Time (UTC-8),CM_006,441037,3.48,16,7.697,77.98
 2022-05-15 12:50:00,Pacific Standard Time (UTC-8),CM_006,441037,3.48,15.89,7.752,78.35
 2022-05-15 12:51:00,Pacific Standard Time (UTC-8),CM_006,441037,3.48,15.77,7.736,77.99
 2022-05-15 12:52:00,Pacific Standard Time (UTC-8),CM_006,441037,3.47,15.67,7.787,78.35
 2022-05-15 12:53:00,Pacific Standard Time (UTC-8),CM_006,441037,3.47,15.55,7.866,78.94
 2022-05-15 12:54:00,Pacific Standard Time (UTC-8),CM_006,441037,3.47,15.43,7.931,79.37
 2022-05-15 12:55:00,Pacific Standard Time (UTC-8),CM_006,441037,3.47,15.33,7.948,79.38
 2022-05-15 12:56:00,Pacific Standard Time (UTC-8),CM_006,441037,3.47,15.2,7.983,79.51
 2022-05-15 12:57:00,Pacific Standard Time (UTC-8),CM_006,441037,3.47,15.11,8.041,79.93
