# HeaderRows_8
# HeaderRows_Format: Column_Header; Unit; InstallationMethod_ID; Instrument_Summary
# DateTime; YYYY-MM-DD hh:mm:ss; Minidot_01; PME miniDOT Logger real time clock.
# Battery; volts; Minidot_01; PME miniDOT Logger internal batteries.
# Temperature; degree_celsius; Minidot_01; PME miniDOT Logger with temperature sensor.
# Dissolved_Oxygen; milligrams_per_liter; Minidot_01; PME miniDOT Logger with optical dissolved oxygen sensor (fluorescence quenching).
# Dissolved_Oxygen_Saturation; percent_saturation; Minidot_01; PME miniDOT Logger with optical dissolved oxygen sensor (fluorescence quenching).
DateTime,Time_Zone,Parent_ID,miniDOT_SN,Battery,Temperature,Dissolved_Oxygen,Dissolved_Oxygen_Saturation
 2023-02-20 14:08:00,Mountain Standard Time (UTC-7),CM_077,443657,3.48,0.73,10.264,71.65
 2023-02-20 14:09:00,Mountain Standard Time (UTC-7),CM_077,443657,3.48,0.71,10.275,71.69
 2023-02-20 14:10:00,Mountain Standard Time (UTC-7),CM_077,443657,3.48,0.66,10.275,71.6
 2023-02-20 14:11:00,Mountain Standard Time (UTC-7),CM_077,443657,3.48,0.67,10.293,71.75
 2023-02-20 14:12:00,Mountain Standard Time (UTC-7),CM_077,443657,3.48,0.63,10.285,71.6
 2023-02-20 14:13:00,Mountain Standard Time (UTC-7),CM_077,443657,3.48,0.63,10.285,71.6
 2023-02-20 14:14:00,Mountain Standard Time (UTC-7),CM_077,443657,3.48,0.6,10.303,71.66
 2023-02-20 14:15:00,Mountain Standard Time (UTC-7),CM_077,443657,3.48,0.58,10.295,71.56
 2023-02-20 14:16:00,Mountain Standard Time (UTC-7),CM_077,443657,3.48,0.55,10.311,71.63
 2023-02-20 14:17:00,Mountain Standard Time (UTC-7),CM_077,443657,3.48,0.56,10.305,71.61
 2023-02-20 14:18:00,Mountain Standard Time (UTC-7),CM_077,443657,3.48,0.53,10.311,71.59
 2023-02-20 14:19:00,Mountain Standard Time (UTC-7),CM_077,443657,3.48,0.54,10.318,71.66
 2023-02-20 14:20:00,Mountain Standard Time (UTC-7),CM_077,443657,3.48,0.53,10.323,71.67
 2023-02-20 14:21:00,Mountain Standard Time (UTC-7),CM_077,443657,3.48,0.52,10.312,71.57
 2023-02-20 14:22:00,Mountain Standard Time (UTC-7),CM_077,443657,3.48,0.51,10.306,71.51
 2023-02-20 14:23:00,Mountain Standard Time (UTC-7),CM_077,443657,3.48,0.48,10.329,71.6
 2023-02-20 14:24:00,Mountain Standard Time (UTC-7),CM_077,443657,3.48,0.5,10.332,71.66
 2023-02-20 14:25:00,Mountain Standard Time (UTC-7),CM_077,443657,3.48,0.49,10.353,71.79
 2023-02-20 14:26:00,Mountain Standard Time (UTC-7),CM_077,443657,3.48,0.48,10.349,71.74
 2023-02-20 14:27:00,Mountain Standard Time (UTC-7),CM_077,443657,3.48,0.49,10.338,71.68
 2023-02-20 14:28:00,Mountain Standard Time (UTC-7),CM_077,443657,3.48,0.49,10.326,71.6
 2023-02-20 14:29:00,Mountain Standard Time (UTC-7),CM_077,443657,3.48,0.48,10.338,71.66
 2023-02-20 14:30:00,Mountain Standard Time (UTC-7),CM_077,443657,3.48,0.47,10.332,71.6
 2023-02-20 14:31:00,Mountain Standard Time (UTC-7),CM_077,443657,3.48,0.46,10.324,71.52
 2023-02-20 14:32:00,Mountain Standard Time (UTC-7),CM_077,443657,3.48,0.47,10.326,71.56
 2023-02-20 14:33:00,Mountain Standard Time (UTC-7),CM_077,443657,3.48,0.46,10.328,71.55
 2023-02-20 14:34:00,Mountain Standard Time (UTC-7),CM_077,443657,3.48,0.42,10.333,71.52
 2023-02-20 14:35:00,Mountain Standard Time (UTC-7),CM_077,443657,3.48,0.43,10.343,71.61
 2023-02-20 14:36:00,Mountain Standard Time (UTC-7),CM_077,443657,3.48,0.43,10.34,71.59
 2023-02-20 14:37:00,Mountain Standard Time (UTC-7),CM_077,443657,3.48,0.43,10.355,71.69
 2023-02-20 14:38:00,Mountain Standard Time (UTC-7),CM_077,443657,3.48,0.44,10.344,71.64
 2023-02-20 14:39:00,Mountain Standard Time (UTC-7),CM_077,443657,3.48,0.43,10.348,71.65
 2023-02-20 14:40:00,Mountain Standard Time (UTC-7),CM_077,443657,3.48,0.43,10.354,71.69
 2023-02-20 14:41:00,Mountain Standard Time (UTC-7),CM_077,443657,3.48,0.4,10.342,71.54
 2023-02-20 14:42:00,Mountain Standard Time (UTC-7),CM_077,443657,3.48,0.41,10.338,71.53
 2023-02-20 14:43:00,Mountain Standard Time (UTC-7),CM_077,443657,3.48,0.38,10.357,71.6
 2023-02-20 14:44:00,Mountain Standard Time (UTC-7),CM_077,443657,3.48,0.38,10.355,71.58
 2023-02-20 14:45:00,Mountain Standard Time (UTC-7),CM_077,443657,3.48,0.4,10.341,71.53
 2023-02-20 14:46:00,Mountain Standard Time (UTC-7),CM_077,443657,3.48,0.41,10.337,71.52
 2023-02-20 14:47:00,Mountain Standard Time (UTC-7),CM_077,443657,3.48,0.39,10.352,71.58
 2023-02-20 14:48:00,Mountain Standard Time (UTC-7),CM_077,443657,3.48,0.41,10.325,71.44
 2023-02-20 14:49:00,Mountain Standard Time (UTC-7),CM_077,443657,3.48,0.39,10.334,71.46
 2023-02-20 14:50:00,Mountain Standard Time (UTC-7),CM_077,443657,3.48,0.37,10.355,71.56
 2023-02-20 14:51:00,Mountain Standard Time (UTC-7),CM_077,443657,3.48,0.38,10.362,71.63
 2023-02-20 14:52:00,Mountain Standard Time (UTC-7),CM_077,443657,3.48,0.38,10.367,71.67
 2023-02-20 14:53:00,Mountain Standard Time (UTC-7),CM_077,443657,3.48,0.4,10.353,71.61
 2023-02-20 14:54:00,Mountain Standard Time (UTC-7),CM_077,443657,3.48,0.4,10.339,71.52
 2023-02-20 14:55:00,Mountain Standard Time (UTC-7),CM_077,443657,3.48,0.39,10.351,71.58
 2023-02-20 14:56:00,Mountain Standard Time (UTC-7),CM_077,443657,3.48,0.39,10.338,71.49
 2023-02-20 14:57:00,Mountain Standard Time (UTC-7),CM_077,443657,3.48,0.4,10.358,71.65
 2023-02-20 14:58:00,Mountain Standard Time (UTC-7),CM_077,443657,3.48,0.41,10.337,71.52
 2023-02-20 14:59:00,Mountain Standard Time (UTC-7),CM_077,443657,3.48,0.39,10.341,71.51
 2023-02-20 15:00:00,Mountain Standard Time (UTC-7),CM_077,443657,3.48,0.39,10.338,71.49
 2023-02-20 15:01:00,Mountain Standard Time (UTC-7),CM_077,443657,3.48,0.38,10.357,71.6
 2023-02-20 15:02:00,Mountain Standard Time (UTC-7),CM_077,443657,3.48,0.39,10.344,71.53
 2023-02-20 15:03:00,Mountain Standard Time (UTC-7),CM_077,443657,3.48,0.37,10.355,71.56
 2023-02-20 15:04:00,Mountain Standard Time (UTC-7),CM_077,443657,3.48,0.38,10.345,71.51
 2023-02-20 15:05:00,Mountain Standard Time (UTC-7),CM_077,443657,3.48,0.36,10.342,71.45
 2023-02-20 15:06:00,Mountain Standard Time (UTC-7),CM_077,443657,3.48,0.36,10.343,71.46
 2023-02-20 15:07:00,Mountain Standard Time (UTC-7),CM_077,443657,3.48,0.34,10.346,71.45
 2023-02-20 15:08:00,Mountain Standard Time (UTC-7),CM_077,443657,3.48,0.36,10.35,71.5
 2023-02-20 15:09:00,Mountain Standard Time (UTC-7),CM_077,443657,3.48,0.36,10.345,71.47
 2023-02-20 15:10:00,Mountain Standard Time (UTC-7),CM_077,443657,3.48,0.34,10.345,71.45
 2023-02-20 15:11:00,Mountain Standard Time (UTC-7),CM_077,443657,3.48,0.33,10.351,71.47
 2023-02-20 15:12:00,Mountain Standard Time (UTC-7),CM_077,443657,3.48,0.33,10.358,71.51
 2023-02-20 15:13:00,Mountain Standard Time (UTC-7),CM_077,443657,3.47,0.34,10.358,71.54
 2023-02-20 15:14:00,Mountain Standard Time (UTC-7),CM_077,443657,3.47,0.36,10.362,71.59
 2023-02-20 15:15:00,Mountain Standard Time (UTC-7),CM_077,443657,3.47,0.37,10.387,71.78
 2023-02-20 15:16:00,Mountain Standard Time (UTC-7),CM_077,443657,3.47,0.37,10.378,71.72
 2023-02-20 15:17:00,Mountain Standard Time (UTC-7),CM_077,443657,3.47,0.4,10.35,71.59
 2023-02-20 15:18:00,Mountain Standard Time (UTC-7),CM_077,443657,3.47,0.39,10.347,71.55
 2023-02-20 15:19:00,Mountain Standard Time (UTC-7),CM_077,443657,3.47,0.37,10.369,71.66
 2023-02-20 15:20:00,Mountain Standard Time (UTC-7),CM_077,443657,3.47,0.37,10.368,71.65
 2023-02-20 15:21:00,Mountain Standard Time (UTC-7),CM_077,443657,3.47,0.39,10.373,71.73
 2023-02-20 15:22:00,Mountain Standard Time (UTC-7),CM_077,443657,3.47,0.39,10.377,71.76
 2023-02-20 15:23:00,Mountain Standard Time (UTC-7),CM_077,443657,3.47,0.4,10.372,71.74
 2023-02-20 15:24:00,Mountain Standard Time (UTC-7),CM_077,443657,3.47,0.4,10.364,71.69
 2023-02-20 15:25:00,Mountain Standard Time (UTC-7),CM_077,443657,3.47,0.38,10.369,71.68
 2023-02-20 15:26:00,Mountain Standard Time (UTC-7),CM_077,443657,3.47,0.39,10.354,71.6
 2023-02-20 15:27:00,Mountain Standard Time (UTC-7),CM_077,443657,3.47,0.39,10.348,71.56
 2023-02-20 15:28:00,Mountain Standard Time (UTC-7),CM_077,443657,3.47,0.38,10.342,71.49
 2023-02-20 15:29:00,Mountain Standard Time (UTC-7),CM_077,443657,3.47,0.37,10.354,71.55
 2023-02-20 15:30:00,Mountain Standard Time (UTC-7),CM_077,443657,3.47,0.36,10.339,71.43
 2023-02-20 15:31:00,Mountain Standard Time (UTC-7),CM_077,443657,3.47,0.34,10.333,71.36
 2023-02-20 15:32:00,Mountain Standard Time (UTC-7),CM_077,443657,3.47,0.34,10.334,71.37
 2023-02-20 15:33:00,Mountain Standard Time (UTC-7),CM_077,443657,3.47,0.34,10.331,71.35
 2023-02-20 15:34:00,Mountain Standard Time (UTC-7),CM_077,443657,3.47,0.32,10.352,71.45
 2023-02-20 15:35:00,Mountain Standard Time (UTC-7),CM_077,443657,3.47,0.34,10.34,71.41
 2023-02-20 15:36:00,Mountain Standard Time (UTC-7),CM_077,443657,3.47,0.34,10.337,71.39
 2023-02-20 15:37:00,Mountain Standard Time (UTC-7),CM_077,443657,3.47,0.34,10.38,71.69
 2023-02-20 15:38:00,Mountain Standard Time (UTC-7),CM_077,443657,3.47,0.34,10.371,71.63
 2023-02-20 15:39:00,Mountain Standard Time (UTC-7),CM_077,443657,3.47,0.36,10.356,71.55
 2023-02-20 15:40:00,Mountain Standard Time (UTC-7),CM_077,443657,3.47,0.37,10.345,71.49
 2023-02-20 15:41:00,Mountain Standard Time (UTC-7),CM_077,443657,3.47,0.37,10.335,71.42
 2023-02-20 15:42:00,Mountain Standard Time (UTC-7),CM_077,443657,3.47,0.38,10.336,71.45
 2023-02-20 15:43:00,Mountain Standard Time (UTC-7),CM_077,443657,3.47,0.38,10.326,71.38
 2023-02-20 15:44:00,Mountain Standard Time (UTC-7),CM_077,443657,3.47,0.36,10.342,71.45
 2023-02-20 15:45:00,Mountain Standard Time (UTC-7),CM_077,443657,3.47,0.33,10.34,71.39
 2023-02-20 15:46:00,Mountain Standard Time (UTC-7),CM_077,443657,3.47,0.36,10.331,71.37
 2023-02-20 15:47:00,Mountain Standard Time (UTC-7),CM_077,443657,3.47,0.34,10.334,71.37
 2023-02-20 15:48:00,Mountain Standard Time (UTC-7),CM_077,443657,3.47,0.33,10.334,71.35
 2023-02-20 15:49:00,Mountain Standard Time (UTC-7),CM_077,443657,3.47,0.36,10.328,71.35
 2023-02-20 15:50:00,Mountain Standard Time (UTC-7),CM_077,443657,3.47,0.32,10.349,71.43
 2023-02-20 15:51:00,Mountain Standard Time (UTC-7),CM_077,443657,3.47,0.32,10.348,71.42
 2023-02-20 15:52:00,Mountain Standard Time (UTC-7),CM_077,443657,3.47,0.33,10.337,71.37
 2023-02-20 15:53:00,Mountain Standard Time (UTC-7),CM_077,443657,3.47,0.34,10.333,71.36
 2023-02-20 15:54:00,Mountain Standard Time (UTC-7),CM_077,443657,3.47,0.32,10.339,71.36
 2023-02-20 15:55:00,Mountain Standard Time (UTC-7),CM_077,443657,3.47,0.32,10.33,71.3
 2023-02-20 15:56:00,Mountain Standard Time (UTC-7),CM_077,443657,3.47,0.31,10.354,71.44
 2023-02-20 15:57:00,Mountain Standard Time (UTC-7),CM_077,443657,3.47,0.34,10.319,71.27
 2023-02-20 15:58:00,Mountain Standard Time (UTC-7),CM_077,443657,3.47,0.33,10.328,71.31
 2023-02-20 15:59:00,Mountain Standard Time (UTC-7),CM_077,443657,3.47,0.32,10.33,71.3
 2023-02-20 16:00:00,Mountain Standard Time (UTC-7),CM_077,443657,3.47,0.3,10.336,71.3
 2023-02-20 16:01:00,Mountain Standard Time (UTC-7),CM_077,443657,3.47,0.31,10.34,71.35
 2023-02-20 16:02:00,Mountain Standard Time (UTC-7),CM_077,443657,3.47,0.3,10.344,71.35
 2023-02-20 16:03:00,Mountain Standard Time (UTC-7),CM_077,443657,3.47,0.3,10.337,71.3
