# HeaderRows_8
# HeaderRows_Format: Column_Header; Unit; InstallationMethod_ID; Instrument_Summary
# DateTime; YYYY-MM-DD hh:mm:ss; Minidot_01; PME miniDOT Logger real time clock.
# Battery; volts; Minidot_01; PME miniDOT Logger internal batteries.
# Temperature; degree_celsius; Minidot_01; PME miniDOT Logger with temperature sensor.
# Dissolved_Oxygen; milligrams_per_liter; Minidot_01; PME miniDOT Logger with optical dissolved oxygen sensor (fluorescence quenching).
# Dissolved_Oxygen_Saturation; percent_saturation; Minidot_01; PME miniDOT Logger with optical dissolved oxygen sensor (fluorescence quenching).
DateTime,Time_Zone,Parent_ID,miniDOT_SN,Battery,Temperature,Dissolved_Oxygen,Dissolved_Oxygen_Saturation
 2023-08-28 10:35:00,Pacific Daylight Time (UTC-7),CM_055,094323,3.48,16.39,8.678,88.65
 2023-08-28 10:36:00,Pacific Daylight Time (UTC-7),CM_055,094323,3.48,16.4,8.66,88.48
 2023-08-28 10:37:00,Pacific Daylight Time (UTC-7),CM_055,094323,3.48,16.38,8.626,88.11
 2023-08-28 10:38:00,Pacific Daylight Time (UTC-7),CM_055,094323,3.48,16.37,8.602,87.83
 2023-08-28 10:39:00,Pacific Daylight Time (UTC-7),CM_055,094323,3.48,16.33,8.582,87.56
 2023-08-28 10:40:00,Pacific Daylight Time (UTC-7),CM_055,094323,3.48,16.35,8.582,87.59
 2023-08-28 10:41:00,Pacific Daylight Time (UTC-7),CM_055,094323,3.48,16.32,8.603,87.76
 2023-08-28 10:42:00,Pacific Daylight Time (UTC-7),CM_055,094323,3.48,16.31,8.612,87.82
 2023-08-28 10:43:00,Pacific Daylight Time (UTC-7),CM_055,094323,3.48,16.3,8.604,87.72
 2023-08-28 10:44:00,Pacific Daylight Time (UTC-7),CM_055,094323,3.48,16.29,8.585,87.51
 2023-08-28 10:45:00,Pacific Daylight Time (UTC-7),CM_055,094323,3.48,16.31,8.574,87.43
 2023-08-28 10:46:00,Pacific Daylight Time (UTC-7),CM_055,094323,3.48,16.27,8.59,87.53
 2023-08-28 10:47:00,Pacific Daylight Time (UTC-7),CM_055,094323,3.48,16.28,8.573,87.38
 2023-08-28 10:48:00,Pacific Daylight Time (UTC-7),CM_055,094323,3.48,16.26,8.555,87.16
 2023-08-28 10:49:00,Pacific Daylight Time (UTC-7),CM_055,094323,3.48,16.26,8.54,86.99
 2023-08-28 10:50:00,Pacific Daylight Time (UTC-7),CM_055,094323,3.48,16.25,8.522,86.79
 2023-08-28 10:51:00,Pacific Daylight Time (UTC-7),CM_055,094323,3.48,16.26,8.487,86.45
 2023-08-28 10:52:00,Pacific Daylight Time (UTC-7),CM_055,094323,3.48,16.23,8.467,86.2
 2023-08-28 10:53:00,Pacific Daylight Time (UTC-7),CM_055,094323,3.48,16.26,8.454,86.12
 2023-08-28 10:54:00,Pacific Daylight Time (UTC-7),CM_055,094323,3.48,16.24,8.43,85.84
 2023-08-28 10:55:00,Pacific Daylight Time (UTC-7),CM_055,094323,3.48,16.23,8.42,85.72
 2023-08-28 10:56:00,Pacific Daylight Time (UTC-7),CM_055,094323,3.48,16.24,8.42,85.74
 2023-08-28 10:57:00,Pacific Daylight Time (UTC-7),CM_055,094323,3.48,16.22,8.428,85.79
 2023-08-28 10:58:00,Pacific Daylight Time (UTC-7),CM_055,094323,3.48,16.21,8.446,85.96
 2023-08-28 10:59:00,Pacific Daylight Time (UTC-7),CM_055,094323,3.48,16.2,8.466,86.15
 2023-08-28 11:00:00,Pacific Daylight Time (UTC-7),CM_055,094323,3.48,16.22,8.482,86.34
 2023-08-28 11:01:00,Pacific Daylight Time (UTC-7),CM_055,094323,3.48,16.2,8.494,86.43
 2023-08-28 11:02:00,Pacific Daylight Time (UTC-7),CM_055,094323,3.48,16.2,8.5,86.49
 2023-08-28 11:03:00,Pacific Daylight Time (UTC-7),CM_055,094323,3.48,16.22,8.499,86.51
 2023-08-28 11:04:00,Pacific Daylight Time (UTC-7),CM_055,094323,3.48,16.22,8.515,86.67
 2023-08-28 11:05:00,Pacific Daylight Time (UTC-7),CM_055,094323,3.48,16.21,8.507,86.58
 2023-08-28 11:06:00,Pacific Daylight Time (UTC-7),CM_055,094323,3.48,16.2,8.531,86.81
 2023-08-28 11:07:00,Pacific Daylight Time (UTC-7),CM_055,094323,3.48,16.2,8.55,87
 2023-08-28 11:08:00,Pacific Daylight Time (UTC-7),CM_055,094323,3.48,16.21,8.537,86.88
 2023-08-28 11:09:00,Pacific Daylight Time (UTC-7),CM_055,094323,3.48,16.2,8.545,86.95
 2023-08-28 11:10:00,Pacific Daylight Time (UTC-7),CM_055,094323,3.48,16.22,8.549,87.02
 2023-08-28 11:11:00,Pacific Daylight Time (UTC-7),CM_055,094323,3.48,16.21,8.548,86.99
 2023-08-28 11:12:00,Pacific Daylight Time (UTC-7),CM_055,094323,3.48,16.2,8.531,86.81
 2023-08-28 11:13:00,Pacific Daylight Time (UTC-7),CM_055,094323,3.48,16.21,8.541,86.92
 2023-08-28 11:14:00,Pacific Daylight Time (UTC-7),CM_055,094323,3.48,16.2,8.565,87.14
 2023-08-28 11:15:00,Pacific Daylight Time (UTC-7),CM_055,094323,3.48,16.2,8.567,87.17
 2023-08-28 11:16:00,Pacific Daylight Time (UTC-7),CM_055,094323,3.48,16.2,8.593,87.44
 2023-08-28 11:17:00,Pacific Daylight Time (UTC-7),CM_055,094323,3.48,16.22,8.602,87.56
 2023-08-28 11:18:00,Pacific Daylight Time (UTC-7),CM_055,094323,3.48,16.23,8.634,87.9
 2023-08-28 11:19:00,Pacific Daylight Time (UTC-7),CM_055,094323,3.48,16.22,8.67,88.25
 2023-08-28 11:20:00,Pacific Daylight Time (UTC-7),CM_055,094323,3.48,16.24,8.689,88.48
 2023-08-28 11:21:00,Pacific Daylight Time (UTC-7),CM_055,094323,3.48,16.25,8.724,88.85
 2023-08-28 11:22:00,Pacific Daylight Time (UTC-7),CM_055,094323,3.48,16.25,8.77,89.32
 2023-08-28 11:23:00,Pacific Daylight Time (UTC-7),CM_055,094323,3.48,16.25,8.802,89.65
 2023-08-28 11:24:00,Pacific Daylight Time (UTC-7),CM_055,094323,3.48,16.27,8.814,89.82
 2023-08-28 11:25:00,Pacific Daylight Time (UTC-7),CM_055,094323,3.48,16.27,8.842,90.1
 2023-08-28 11:26:00,Pacific Daylight Time (UTC-7),CM_055,094323,3.48,16.28,8.86,90.3
 2023-08-28 11:27:00,Pacific Daylight Time (UTC-7),CM_055,094323,3.48,16.31,8.878,90.53
 2023-08-28 11:28:00,Pacific Daylight Time (UTC-7),CM_055,094323,3.48,16.28,8.905,90.76
 2023-08-28 11:29:00,Pacific Daylight Time (UTC-7),CM_055,094323,3.48,16.29,8.913,90.86
 2023-08-28 11:30:00,Pacific Daylight Time (UTC-7),CM_055,094323,3.48,16.28,8.947,91.19
 2023-08-28 11:31:00,Pacific Daylight Time (UTC-7),CM_055,094323,3.48,16.3,8.946,91.21
 2023-08-28 11:32:00,Pacific Daylight Time (UTC-7),CM_055,094323,3.48,16.29,8.934,91.07
 2023-08-28 11:33:00,Pacific Daylight Time (UTC-7),CM_055,094323,3.48,16.32,8.949,91.27
 2023-08-28 11:34:00,Pacific Daylight Time (UTC-7),CM_055,094323,3.48,16.31,8.962,91.39
 2023-08-28 11:35:00,Pacific Daylight Time (UTC-7),CM_055,094323,3.48,16.32,8.97,91.5
 2023-08-28 11:36:00,Pacific Daylight Time (UTC-7),CM_055,094323,3.48,16.32,8.973,91.52
 2023-08-28 11:37:00,Pacific Daylight Time (UTC-7),CM_055,094323,3.48,16.3,8.976,91.52
 2023-08-28 11:38:00,Pacific Daylight Time (UTC-7),CM_055,094323,3.48,16.29,8.972,91.46
 2023-08-28 11:39:00,Pacific Daylight Time (UTC-7),CM_055,094323,3.48,16.31,8.969,91.46
 2023-08-28 11:40:00,Pacific Daylight Time (UTC-7),CM_055,094323,3.48,16.31,8.962,91.39
 2023-08-28 11:41:00,Pacific Daylight Time (UTC-7),CM_055,094323,3.48,16.32,8.965,91.44
 2023-08-28 11:42:00,Pacific Daylight Time (UTC-7),CM_055,094323,3.48,16.31,8.971,91.48
 2023-08-28 11:43:00,Pacific Daylight Time (UTC-7),CM_055,094323,3.48,16.32,8.987,91.66
 2023-08-28 11:44:00,Pacific Daylight Time (UTC-7),CM_055,094323,3.48,16.31,9.007,91.85
 2023-08-28 11:45:00,Pacific Daylight Time (UTC-7),CM_055,094323,3.48,16.32,9.013,91.93
 2023-08-28 11:46:00,Pacific Daylight Time (UTC-7),CM_055,094323,3.48,16.32,9.016,91.97
 2023-08-28 11:47:00,Pacific Daylight Time (UTC-7),CM_055,094323,3.48,16.33,9.018,92.01
 2023-08-28 11:48:00,Pacific Daylight Time (UTC-7),CM_055,094323,3.48,16.35,9.021,92.07
 2023-08-28 11:49:00,Pacific Daylight Time (UTC-7),CM_055,094323,3.48,16.34,9.035,92.2
 2023-08-28 11:50:00,Pacific Daylight Time (UTC-7),CM_055,094323,3.48,16.32,9.042,92.24
 2023-08-28 11:51:00,Pacific Daylight Time (UTC-7),CM_055,094323,3.48,16.33,9.035,92.18
 2023-08-28 11:52:00,Pacific Daylight Time (UTC-7),CM_055,094323,3.48,16.35,9.02,92.06
 2023-08-28 11:53:00,Pacific Daylight Time (UTC-7),CM_055,094323,3.48,16.32,9.006,91.85
 2023-08-28 11:54:00,Pacific Daylight Time (UTC-7),CM_055,094323,3.48,16.32,8.985,91.66
 2023-08-28 11:55:00,Pacific Daylight Time (UTC-7),CM_055,094323,3.48,16.34,8.955,91.38
 2023-08-28 11:56:00,Pacific Daylight Time (UTC-7),CM_055,094323,3.48,16.32,8.947,91.25
 2023-08-28 11:57:00,Pacific Daylight Time (UTC-7),CM_055,094323,3.48,16.32,8.924,91.02
 2023-08-28 11:58:00,Pacific Daylight Time (UTC-7),CM_055,094323,3.48,16.32,8.901,90.8
 2023-08-28 11:59:00,Pacific Daylight Time (UTC-7),CM_055,094323,3.48,16.3,8.885,90.59
 2023-08-28 12:00:00,Pacific Daylight Time (UTC-7),CM_055,094323,3.48,16.32,8.848,90.26
 2023-08-28 12:01:00,Pacific Daylight Time (UTC-7),CM_055,094323,3.48,16.31,8.839,90.13
 2023-08-28 12:02:00,Pacific Daylight Time (UTC-7),CM_055,094323,3.48,16.3,8.819,89.92
 2023-08-28 12:03:00,Pacific Daylight Time (UTC-7),CM_055,094323,3.48,16.3,8.808,89.8
 2023-08-28 12:04:00,Pacific Daylight Time (UTC-7),CM_055,094323,3.48,16.3,8.8,89.72
 2023-08-28 12:05:00,Pacific Daylight Time (UTC-7),CM_055,094323,3.48,16.32,8.765,89.4
 2023-08-28 12:06:00,Pacific Daylight Time (UTC-7),CM_055,094323,3.48,16.32,8.76,89.35
 2023-08-28 12:07:00,Pacific Daylight Time (UTC-7),CM_055,094323,3.48,16.31,8.764,89.37
