# HeaderRows_8
# HeaderRows_Format: Column_Header; Unit; InstallationMethod_ID; Instrument_Summary
# DateTime; YYYY-MM-DD hh:mm:ss; Minidot_02; PME miniDOT Logger real time clock.
# Battery; volts; Minidot_02; PME miniDOT Logger internal batteries.
# Temperature; degree_celsius; Minidot_02; PME miniDOT Logger with temperature sensor.
# Dissolved_Oxygen; milligrams_per_liter; Minidot_02; PME miniDOT Logger with optical dissolved oxygen sensor (fluorescence quenching).
# Dissolved_Oxygen_Saturation; percent_saturation; Minidot_02; PME miniDOT Logger with optical dissolved oxygen sensor (fluorescence quenching).
DateTime,Time_Zone,Parent_ID,miniDOT_SN,Battery,Temperature,Dissolved_Oxygen,Dissolved_Oxygen_Saturation
 2022-08-08 08:53:00,Pacific Standard Time (UTC-8),SSS001,654896,3.47,15.26,9.369,93.42
 2022-08-08 08:54:00,Pacific Standard Time (UTC-8),SSS001,654896,3.47,15.26,9.381,93.54
 2022-08-08 08:55:00,Pacific Standard Time (UTC-8),SSS001,654896,3.47,15.31,9.378,93.62
 2022-08-08 08:56:00,Pacific Standard Time (UTC-8),SSS001,654896,3.47,15.32,9.388,93.74
 2022-08-08 08:57:00,Pacific Standard Time (UTC-8),SSS001,654896,3.46,15.34,9.377,93.68
 2022-08-08 08:58:00,Pacific Standard Time (UTC-8),SSS001,654896,3.46,15.36,9.374,93.68
 2022-08-08 08:59:00,Pacific Standard Time (UTC-8),SSS001,654896,3.46,15.39,9.367,93.66
 2022-08-08 09:00:00,Pacific Standard Time (UTC-8),SSS001,654896,3.46,15.41,9.373,93.77
 2022-08-08 09:01:00,Pacific Standard Time (UTC-8),SSS001,654896,3.46,15.46,9.356,93.7
 2022-08-08 09:02:00,Pacific Standard Time (UTC-8),SSS001,654896,3.46,15.46,9.368,93.83
 2022-08-08 09:03:00,Pacific Standard Time (UTC-8),SSS001,654896,3.46,15.49,9.364,93.84
 2022-08-08 09:04:00,Pacific Standard Time (UTC-8),SSS001,654896,3.46,15.51,9.356,93.8
 2022-08-08 09:05:00,Pacific Standard Time (UTC-8),SSS001,654896,3.46,15.53,9.348,93.77
 2022-08-08 09:06:00,Pacific Standard Time (UTC-8),SSS001,654896,3.46,15.55,9.346,93.79
 2022-08-08 09:07:00,Pacific Standard Time (UTC-8),SSS001,654896,3.46,15.57,9.347,93.85
 2022-08-08 09:08:00,Pacific Standard Time (UTC-8),SSS001,654896,3.46,15.6,9.328,93.71
 2022-08-08 09:09:00,Pacific Standard Time (UTC-8),SSS001,654896,3.46,15.63,9.324,93.72
 2022-08-08 09:10:00,Pacific Standard Time (UTC-8),SSS001,654896,3.46,15.64,9.319,93.7
 2022-08-08 09:11:00,Pacific Standard Time (UTC-8),SSS001,654896,3.46,15.68,9.318,93.76
 2022-08-08 09:12:00,Pacific Standard Time (UTC-8),SSS001,654896,3.47,15.68,9.322,93.8
 2022-08-08 09:13:00,Pacific Standard Time (UTC-8),SSS001,654896,3.46,15.7,9.328,93.9
 2022-08-08 09:14:00,Pacific Standard Time (UTC-8),SSS001,654896,3.47,15.74,9.32,93.9
 2022-08-08 09:15:00,Pacific Standard Time (UTC-8),SSS001,654896,3.47,15.74,9.33,94
 2022-08-08 09:16:00,Pacific Standard Time (UTC-8),SSS001,654896,3.47,15.77,9.321,93.98
 2022-08-08 09:17:00,Pacific Standard Time (UTC-8),SSS001,654896,3.47,15.81,9.327,94.11
 2022-08-08 09:18:00,Pacific Standard Time (UTC-8),SSS001,654896,3.47,15.82,9.313,94
 2022-08-08 09:19:00,Pacific Standard Time (UTC-8),SSS001,654896,3.47,15.85,9.303,93.95
 2022-08-08 09:20:00,Pacific Standard Time (UTC-8),SSS001,654896,3.47,15.88,9.292,93.91
 2022-08-08 09:21:00,Pacific Standard Time (UTC-8),SSS001,654896,3.47,15.91,9.289,93.93
 2022-08-08 09:22:00,Pacific Standard Time (UTC-8),SSS001,654896,3.47,15.91,9.308,94.12
 2022-08-08 09:23:00,Pacific Standard Time (UTC-8),SSS001,654896,3.47,15.96,9.29,94.04
 2022-08-08 09:24:00,Pacific Standard Time (UTC-8),SSS001,654896,3.47,15.95,9.298,94.11
 2022-08-08 09:25:00,Pacific Standard Time (UTC-8),SSS001,654896,3.47,15.98,9.294,94.12
 2022-08-08 09:26:00,Pacific Standard Time (UTC-8),SSS001,654896,3.47,16.03,9.279,94.07
 2022-08-08 09:27:00,Pacific Standard Time (UTC-8),SSS001,654896,3.47,16.04,9.283,94.12
 2022-08-08 09:28:00,Pacific Standard Time (UTC-8),SSS001,654896,3.47,16.06,9.276,94.1
 2022-08-08 09:29:00,Pacific Standard Time (UTC-8),SSS001,654896,3.47,16.08,9.272,94.1
 2022-08-08 09:30:00,Pacific Standard Time (UTC-8),SSS001,654896,3.47,16.1,9.263,94.04
 2022-08-08 09:31:00,Pacific Standard Time (UTC-8),SSS001,654896,3.47,16.11,9.27,94.15
 2022-08-08 09:32:00,Pacific Standard Time (UTC-8),SSS001,654896,3.47,16.14,9.262,94.12
 2022-08-08 09:33:00,Pacific Standard Time (UTC-8),SSS001,654896,3.47,16.16,9.268,94.23
 2022-08-08 09:34:00,Pacific Standard Time (UTC-8),SSS001,654896,3.47,16.18,9.255,94.13
 2022-08-08 09:35:00,Pacific Standard Time (UTC-8),SSS001,654896,3.47,16.2,9.263,94.24
 2022-08-08 09:36:00,Pacific Standard Time (UTC-8),SSS001,654896,3.47,16.22,9.268,94.33
 2022-08-08 09:37:00,Pacific Standard Time (UTC-8),SSS001,654896,3.47,16.25,9.254,94.25
 2022-08-08 09:38:00,Pacific Standard Time (UTC-8),SSS001,654896,3.47,16.28,9.264,94.41
 2022-08-08 09:39:00,Pacific Standard Time (UTC-8),SSS001,654896,3.47,16.29,9.257,94.37
 2022-08-08 09:40:00,Pacific Standard Time (UTC-8),SSS001,654896,3.46,16.3,9.273,94.55
 2022-08-08 09:41:00,Pacific Standard Time (UTC-8),SSS001,654896,3.46,16.36,9.255,94.48
 2022-08-08 09:42:00,Pacific Standard Time (UTC-8),SSS001,654896,3.46,16.38,9.245,94.42
 2022-08-08 09:43:00,Pacific Standard Time (UTC-8),SSS001,654896,3.46,16.4,9.248,94.48
 2022-08-08 09:44:00,Pacific Standard Time (UTC-8),SSS001,654896,3.46,16.43,9.236,94.42
