# HeaderRows_8
# HeaderRows_Format: Column_Header; Unit; InstallationMethod_ID; Instrument_Summary
# DateTime; YYYY-MM-DD hh:mm:ss; Minidot_02; PME miniDOT Logger real time clock.
# Battery; volts; Minidot_02; PME miniDOT Logger internal batteries.
# Temperature; degree_celsius; Minidot_02; PME miniDOT Logger with temperature sensor.
# Dissolved_Oxygen; milligrams_per_liter; Minidot_02; PME miniDOT Logger with optical dissolved oxygen sensor (fluorescence quenching).
# Dissolved_Oxygen_Saturation; percent_saturation; Minidot_02; PME miniDOT Logger with optical dissolved oxygen sensor (fluorescence quenching).
DateTime,Time_Zone,Parent_ID,miniDOT_SN,Battery,Temperature,Dissolved_Oxygen,Dissolved_Oxygen_Saturation
 2022-08-08 07:27:00,Pacific Standard Time (UTC-8),SSS025,182707,3.49,18.23,5.966,63.32
 2022-08-08 07:28:00,Pacific Standard Time (UTC-8),SSS025,182707,3.49,18.23,5.981,63.48
 2022-08-08 07:29:00,Pacific Standard Time (UTC-8),SSS025,182707,3.49,18.23,5.996,63.64
 2022-08-08 07:30:00,Pacific Standard Time (UTC-8),SSS025,182707,3.49,18.23,6.005,63.72
 2022-08-08 07:31:00,Pacific Standard Time (UTC-8),SSS025,182707,3.49,18.23,6.023,63.93
 2022-08-08 07:32:00,Pacific Standard Time (UTC-8),SSS025,182707,3.49,18.23,6.036,64.06
 2022-08-08 07:33:00,Pacific Standard Time (UTC-8),SSS025,182707,3.49,18.23,6.06,64.3
 2022-08-08 07:34:00,Pacific Standard Time (UTC-8),SSS025,182707,3.49,18.22,6.063,64.32
 2022-08-08 07:35:00,Pacific Standard Time (UTC-8),SSS025,182707,3.49,18.23,6.075,64.48
 2022-08-08 07:36:00,Pacific Standard Time (UTC-8),SSS025,182707,3.49,18.24,6.087,64.62
 2022-08-08 07:37:00,Pacific Standard Time (UTC-8),SSS025,182707,3.49,18.23,6.113,64.87
 2022-08-08 07:38:00,Pacific Standard Time (UTC-8),SSS025,182707,3.49,18.24,6.115,64.92
 2022-08-08 07:39:00,Pacific Standard Time (UTC-8),SSS025,182707,3.49,18.24,6.134,65.12
 2022-08-08 07:40:00,Pacific Standard Time (UTC-8),SSS025,182707,3.49,18.25,6.155,65.35
 2022-08-08 07:41:00,Pacific Standard Time (UTC-8),SSS025,182707,3.49,18.23,6.161,65.38
 2022-08-08 07:42:00,Pacific Standard Time (UTC-8),SSS025,182707,3.49,18.23,6.181,65.6
 2022-08-08 07:43:00,Pacific Standard Time (UTC-8),SSS025,182707,3.49,18.23,6.195,65.75
 2022-08-08 07:44:00,Pacific Standard Time (UTC-8),SSS025,182707,3.49,18.23,6.221,66.02
 2022-08-08 07:45:00,Pacific Standard Time (UTC-8),SSS025,182707,3.49,18.24,6.226,66.09
 2022-08-08 07:46:00,Pacific Standard Time (UTC-8),SSS025,182707,3.49,18.23,6.25,66.33
 2022-08-08 07:47:00,Pacific Standard Time (UTC-8),SSS025,182707,3.49,18.24,6.268,66.54
 2022-08-08 07:48:00,Pacific Standard Time (UTC-8),SSS025,182707,3.49,18.23,6.276,66.61
 2022-08-08 07:49:00,Pacific Standard Time (UTC-8),SSS025,182707,3.49,18.24,6.284,66.71
 2022-08-08 07:50:00,Pacific Standard Time (UTC-8),SSS025,182707,3.49,18.22,6.318,67.03
 2022-08-08 07:51:00,Pacific Standard Time (UTC-8),SSS025,182707,3.49,18.25,6.323,67.13
 2022-08-08 07:52:00,Pacific Standard Time (UTC-8),SSS025,182707,3.49,18.24,6.336,67.26
 2022-08-08 07:53:00,Pacific Standard Time (UTC-8),SSS025,182707,3.49,18.25,6.351,67.43
 2022-08-08 07:54:00,Pacific Standard Time (UTC-8),SSS025,182707,3.49,18.24,6.368,67.6
 2022-08-08 07:55:00,Pacific Standard Time (UTC-8),SSS025,182707,3.49,18.23,6.387,67.77
 2022-08-08 07:56:00,Pacific Standard Time (UTC-8),SSS025,182707,3.49,18.23,6.404,67.97
 2022-08-08 07:57:00,Pacific Standard Time (UTC-8),SSS025,182707,3.49,18.24,6.415,68.1
 2022-08-08 07:58:00,Pacific Standard Time (UTC-8),SSS025,182707,3.49,18.24,6.444,68.41
 2022-08-08 07:59:00,Pacific Standard Time (UTC-8),SSS025,182707,3.49,18.26,6.443,68.42
 2022-08-08 08:00:00,Pacific Standard Time (UTC-8),SSS025,182707,3.49,18.23,6.475,68.71
 2022-08-08 08:01:00,Pacific Standard Time (UTC-8),SSS025,182707,3.49,18.23,6.488,68.85
 2022-08-08 08:02:00,Pacific Standard Time (UTC-8),SSS025,182707,3.49,18.24,6.505,69.06
 2022-08-08 08:03:00,Pacific Standard Time (UTC-8),SSS025,182707,3.49,18.25,6.525,69.28
 2022-08-08 08:04:00,Pacific Standard Time (UTC-8),SSS025,182707,3.49,18.26,6.535,69.4
 2022-08-08 08:05:00,Pacific Standard Time (UTC-8),SSS025,182707,3.49,18.24,6.553,69.56
 2022-08-08 08:06:00,Pacific Standard Time (UTC-8),SSS025,182707,3.49,18.23,6.576,69.8
 2022-08-08 08:07:00,Pacific Standard Time (UTC-8),SSS025,182707,3.49,18.23,6.596,70.01
 2022-08-08 08:08:00,Pacific Standard Time (UTC-8),SSS025,182707,3.49,18.26,6.607,70.16
 2022-08-08 08:09:00,Pacific Standard Time (UTC-8),SSS025,182707,3.49,18.24,6.624,70.31
 2022-08-08 08:10:00,Pacific Standard Time (UTC-8),SSS025,182707,3.49,18.24,6.639,70.47
 2022-08-08 08:11:00,Pacific Standard Time (UTC-8),SSS025,182707,3.49,18.23,6.664,70.73
 2022-08-08 08:12:00,Pacific Standard Time (UTC-8),SSS025,182707,3.49,18.25,6.676,70.88
 2022-08-08 08:13:00,Pacific Standard Time (UTC-8),SSS025,182707,3.49,18.26,6.681,70.95
 2022-08-08 08:14:00,Pacific Standard Time (UTC-8),SSS025,182707,3.49,18.25,6.71,71.24
 2022-08-08 08:15:00,Pacific Standard Time (UTC-8),SSS025,182707,3.49,18.26,6.729,71.45
 2022-08-08 08:16:00,Pacific Standard Time (UTC-8),SSS025,182707,3.49,18.24,6.749,71.65
 2022-08-08 08:17:00,Pacific Standard Time (UTC-8),SSS025,182707,3.49,18.25,6.765,71.83
 2022-08-08 08:18:00,Pacific Standard Time (UTC-8),SSS025,182707,3.49,18.26,6.784,72.04
