Date,GPP_mean,GPP_se_mean,GPP_sd,GPP_2point5pct,GPP_25pct,GPP_50pct,GPP_75pct,GPP_97point5pct,GPP_n_eff,GPP_Rhat,ER_mean,ER_se_mean,ER_sd,ER_2point5pct,ER_25pct,ER_50pct,ER_75pct,ER_97point5pct,ER_n_eff,ER_Rhat,GPP_daily_mean,GPP_daily_se_mean,GPP_daily_sd,GPP_daily_2point5pct,GPP_daily_25pct,GPP_daily_50pct,GPP_daily_75pct,GPP_daily_97point5pct,GPP_daily_n_eff,GPP_daily_Rhat,ER_daily_mean,ER_daily_se_mean,ER_daily_sd,ER_daily_2point5pct,ER_daily_25pct,ER_daily_50pct,ER_daily_75pct,ER_daily_97point5pct,ER_daily_n_eff,ER_daily_Rhat,K600_daily_mean,K600_daily_se_mean,K600_daily_sd,K600_daily_2point5pct,K600_daily_25pct,K600_daily_50pct,K600_daily_75pct,K600_daily_97point5pct,K600_daily_n_eff,K600_daily_Rhat,valid_day,warnings,errors
  2022-07-27,-9999,-9999,-9999,-9999,-9999,-9999,-9999,-9999,-9999,-9999,-9999,-9999,-9999,-9999,-9999,-9999,-9999,-9999,-9999,-9999,-9999,-9999,-9999,-9999,-9999,-9999,-9999,-9999,-9999,-9999,-9999,-9999,-9999,-9999,-9999,-9999,-9999,-9999,-9999,-9999,-9999,-9999,-9999,-9999,-9999,-9999,-9999,-9999,-9999,-9999,FALSE,N/A,data don't start when expected
  2022-07-28,0.746201673335504,0.00553355893267019,0.0830334982520299,0.589167732608508,0.688059571524226,0.746489240252141,0.801268355451476,0.910956252314634,225.16329305526,1.01298692997321,-4.28271331299188,0.0187383055620272,0.215243503917645,-4.74968917260979,-4.41557313351434,-4.27178940816676,-4.13897574883372,-3.89740803695196,131.946985678737,1.02945368267552,0.746201673335396,0.00553355893266942,0.0830334982520179,0.589167732608423,0.688059571524126,0.746489240252033,0.80126835545136,0.910956252314502,225.163293055258,1.01298692997321,-4.28271331299188,0.0187383055620272,0.215243503917645,-4.74968917260979,-4.41557313351434,-4.27178940816675,-4.13897574883372,-3.89740803695197,131.946985678737,1.02945368267552,21.7723403413528,0.0839582350328567,0.901897336236351,20.1362856717692,21.1847804824974,21.7074983679491,22.2528922701818,23.7773971300135,115.395163784386,1.03809707473647,TRUE,N/A,N/A
  2022-07-29,0.717467578675904,0.00549329775284908,0.0821040778507637,0.557428066708974,0.664317588458805,0.715673816461975,0.773427017156658,0.877720920037335,223.389715999861,1.01919115002398,-4.40755752297609,0.016903617155778,0.212801287763688,-4.84120642476716,-4.54991031507905,-4.40169627959552,-4.27045858783455,-3.9730712223358,158.485380760433,1.0348818831821,0.7174675786758,0.00549329775284829,0.0821040778507518,0.557428066708894,0.664317588458709,0.715673816461872,0.773427017156546,0.877720920037209,223.38971599986,1.01919115002398,-4.40755752297609,0.016903617155778,0.212801287763688,-4.84120642476717,-4.54991031507904,-4.40169627959552,-4.27045858783455,-3.97307122233579,158.485380760433,1.0348818831821,21.4902956365695,0.0726218170647018,0.839244247904662,19.8207455708972,20.9534501159258,21.4762072826861,22.031091091747,23.2107750131,133.549579314698,1.0458366702063,TRUE,N/A,N/A
  2022-07-30,0.635404476683133,0.00490414519336122,0.0784335047861578,0.487208524201365,0.581004899528946,0.634841033353908,0.68785115695972,0.787276431205307,255.785902296133,1.01625008964831,-4.18777488184863,0.0180122502442574,0.209290066569365,-4.63048015262015,-4.31693665712394,-4.17302462800514,-4.04950366647459,-3.80912166416482,135.008554766241,1.04031683567917,0.635404476683041,0.00490414519336051,0.0784335047861465,0.487208524201295,0.581004899528862,0.634841033353816,0.687851156959621,0.787276431205193,255.785902296132,1.01625008964831,-4.18777488184863,0.0180122502442573,0.209290066569365,-4.63048015262015,-4.31693665712393,-4.17302462800515,-4.04950366647459,-3.80912166416482,135.008554766242,1.04031683567917,21.648900683396,0.0747806434874551,0.853908092927201,20.0920888772846,21.1154964197959,21.5867701080321,22.1288959522213,23.582794282123,130.389873305332,1.04304147566524,TRUE,N/A,N/A
  2022-07-31,0.685395223503434,0.00438559198225298,0.0821393139186549,0.530678167342252,0.628228587218405,0.686526483903905,0.739720291781891,0.847240283979851,350.78877969626,1.01478215986208,-4.13983473534183,0.0160234246088286,0.212628946430346,-4.58396838048967,-4.27036425830325,-4.13765843297779,-4.00569014456879,-3.72499625424258,176.089756095686,1.03251134014718,0.685395223503335,0.00438559198225233,0.0821393139186431,0.530678167342175,0.628228587218315,0.686526483903806,0.739720291781784,0.847240283979728,350.788779696264,1.01478215986208,-4.13983473534183,0.0160234246088286,0.212628946430346,-4.58396838048967,-4.27036425830325,-4.13765843297778,-4.00569014456878,-3.72499625424258,176.089756095687,1.03251134014718,21.6376397486269,0.0727662474316861,0.885825301519823,19.9712516613956,21.1066671442612,21.5835765764419,22.1278292488957,23.6459765739293,148.195905174111,1.03998635900703,TRUE,N/A,N/A
  2022-08-01,0.606096976339369,0.00618133543868033,0.0783046441727238,0.457368439423821,0.552330085615119,0.605455939092432,0.658017846311486,0.756813552639966,160.476120653117,1.02496407851804,-3.93376294098895,0.0174049934855446,0.198533428079608,-4.3171272929786,-4.06134175598673,-3.92947611912787,-3.80578757246066,-3.5410095428942,130.112659251294,1.0326643425188,0.606096976339281,0.00618133543867946,0.0783046441727125,0.457368439423755,0.55233008561504,0.605455939092345,0.658017846311391,0.756813552639857,160.476120653116,1.02496407851804,-3.93376294098895,0.0174049934855446,0.198533428079608,-4.3171272929786,-4.06134175598674,-3.92947611912788,-3.80578757246066,-3.5410095428942,130.112659251293,1.0326643425188,21.4945713010678,0.0685029493904996,0.872071729505371,19.7371920988691,20.9565477750048,21.4839317311007,22.0314124456786,23.2368436449675,162.063746701914,1.03070813608222,TRUE,N/A,N/A
  2022-08-02,0.486918377667784,0.00530431890693451,0.0798755642992504,0.328481210020691,0.43417205349074,0.486681895576581,0.541663759502895,0.644037929303054,226.761136481409,1.02886979762512,-3.5561140945708,0.0166755425769439,0.202400864983838,-3.93476944164036,-3.68557233468327,-3.5636462941726,-3.43230462671618,-3.13329215008043,147.321041742154,1.04120015762742,0.486918377667714,0.00530431890693375,0.0798755642992389,0.328481210020644,0.434172053490678,0.486681895576511,0.541663759502817,0.644037929302961,226.761136481408,1.02886979762512,-3.5561140945708,0.0166755425769439,0.202400864983838,-3.93476944164036,-3.68557233468327,-3.56364629417259,-3.43230462671617,-3.13329215008042,147.321041742155,1.04120015762742,21.3424184805907,0.0749991366887776,0.892579480961456,19.4731820257939,20.8441770193112,21.3852427772921,21.8949331703009,23.0252550993799,141.638483811866,1.04447518438262,TRUE,N/A,N/A
  2022-08-03,0.527212949532438,0.0050615088549263,0.0762668146734478,0.377578216488685,0.476013092752184,0.525602698383709,0.575766175042896,0.680303320443302,227.044619519162,1.031470721207,-3.55471720939557,0.0164776800702207,0.19378043039006,-3.97162860660505,-3.66629726763758,-3.54878681944288,-3.43352143326081,-3.17728208327267,138.301757668439,1.04470461671273,0.527212949532362,0.00506150885492557,0.0762668146734367,0.37757821648863,0.476013092752115,0.525602698383633,0.575766175042813,0.680303320443204,227.044619519162,1.031470721207,-3.55471720939557,0.0164776800702207,0.19378043039006,-3.97162860660505,-3.66629726763758,-3.54878681944288,-3.4335214332608,-3.17728208327267,138.301757668439,1.04470461671273,21.606057721867,0.0812555970596894,0.916008049990489,19.8810271107216,21.0546985514018,21.5508044798679,22.1322669305485,23.6464362624545,127.084331572324,1.04468012076811,TRUE,N/A,N/A
  2022-08-04,0.500038361488673,0.00482098648337301,0.0753599042943702,0.351645408509273,0.447625147463171,0.49887343923799,0.55328188347416,0.644113779538016,244.348033825247,1.02091141848486,-3.31620574637467,0.0138692074618137,0.17943944081082,-3.66817932437889,-3.43219829212732,-3.31528120823185,-3.19605440022834,-2.97439525251364,167.391162398492,1.02729541312035,0.500038361488601,0.00482098648337231,0.0753599042943594,0.351645408509222,0.447625147463107,0.498873439237918,0.55328188347408,0.644113779537923,244.348033825247,1.02091141848486,-3.31620574637467,0.0138692074618137,0.17943944081082,-3.66817932437889,-3.43219829212733,-3.31528120823185,-3.19605440022834,-2.97439525251364,167.391162398492,1.02729541312035,21.5308702837501,0.0714568039153488,0.850393209709623,19.8509332570869,20.9949028003261,21.5177035611225,22.0615702343773,23.2876237972095,141.629066512438,1.03695238208559,TRUE,N/A,N/A
  2022-08-05,0.533135193632945,0.00550288993312465,0.0837078936256127,0.376727180354248,0.47709876409695,0.53147756746764,0.588036187553892,0.695120127481458,231.393510519832,1.02615709051184,-3.22658215307072,0.0167493674094137,0.1924998339871,-3.59986530140123,-3.34061387117306,-3.21782647567463,-3.10354582428174,-2.89130880537313,132.088162944464,1.0527468710995,0.533135193632868,0.00550288993312388,0.0837078936256006,0.376727180354193,0.477098764096881,0.531477567467564,0.588036187553807,0.695120127481358,231.39351051983,1.02615709051184,-3.22658215307072,0.0167493674094137,0.1924998339871,-3.59986530140122,-3.34061387117307,-3.21782647567464,-3.10354582428173,-2.89130880537314,132.088162944464,1.0527468710995,21.5808629551537,0.0897552829495698,0.928129852765692,19.9768417145701,21.0328467941812,21.5363890085929,22.0814406716487,23.3979005298911,106.929477023399,1.06416852688561,TRUE,N/A,N/A
  2022-08-06,0.568811850243293,0.0052206977635866,0.0761897330928271,0.424697293833546,0.516775205064293,0.567672168609996,0.620021102513753,0.722158482587107,212.978518030725,1.02688136529301,-3.29496311185041,0.0169672316053391,0.172187885162984,-3.67569806394003,-3.39924850405689,-3.28716900510547,-3.17710515162408,-2.98067324021653,102.987189821943,1.05424777731693,0.568811850243211,0.00522069776358582,0.0761897330928161,0.424697293833485,0.516775205064218,0.567672168609914,0.620021102513663,0.722158482587003,212.978518030727,1.02688136529301,-3.29496311185041,0.0169672316053391,0.172187885162984,-3.67569806394003,-3.3992485040569,-3.28716900510547,-3.17710515162407,-2.98067324021653,102.987189821943,1.05424777731693,21.6581409627645,0.090205101682261,0.861762357718845,20.0589125029543,21.1131064954074,21.5942595422479,22.1534110400658,23.6350218728881,91.2668032603596,1.06393538109945,TRUE,N/A,N/A
  2022-08-07,0.587134709363727,0.0045060963779267604,0.0768156065206021,0.438687654446547,0.534224068916135,0.589647998365746,0.637253324498381,0.73459644134675,290.601582765869,1.01904118409707,-3.39559337363762,0.0140343551889373,0.177017352138168,-3.75347674643731,-3.51320499528616,-3.39202973362235,-3.2796927160454,-3.05831316572734,159.091418088769,1.03377017514989,0.587134709363642,0.00450609637792611,0.0768156065205911,0.438687654446483,0.534224068916058,0.589647998365661,0.637253324498289,0.734596441346643,290.601582765869,1.01904118409707,-3.39559337363762,0.0140343551889373,0.177017352138168,-3.75347674643731,-3.51320499528615,-3.39202973362234,-3.2796927160454,-3.05831316572734,159.091418088769,1.03377017514989,21.5143114061239,0.0702323931888133,0.837033851428025,19.8920213800725,21.0038954025221,21.506126593039,22.0387596787792,23.2309667773915,142.040145835041,1.0420119356623,TRUE,N/A,N/A
  2022-08-08,0.704165025720633,0.00712605215488746,0.0853397630554956,0.537451004064373,0.646752066793697,0.704406784828922,0.757922858316954,0.87963244720534,143.418399710911,1.03036603327432,-3.61825184773145,0.0175358625173062,0.193612308277963,-4.010978300075,-3.74015106474273,-3.61248385894025,-3.49339282709726,-3.23837118983894,121.902233151643,1.04174607711609,0.704165025720531,0.00712605215488644,0.0853397630554832,0.537451004064295,0.646752066793604,0.70440678482882,0.757922858316845,0.879632447205212,143.418399710911,1.03036603327432,-3.61825184773145,0.0175358625173062,0.193612308277963,-4.010978300075,-3.74015106474273,-3.61248385894025,-3.49339282709726,-3.23837118983894,121.902233151643,1.04174607711609,21.4820204378584,0.0780446623655051,0.886293694833054,19.703744518603,20.92897537766,21.4671762816694,22.0252198147202,23.3508210328354,128.964122416195,1.03754271346525,TRUE,N/A,N/A
  2022-08-09,-9999,-9999,-9999,-9999,-9999,-9999,-9999,-9999,-9999,-9999,-9999,-9999,-9999,-9999,-9999,-9999,-9999,-9999,-9999,-9999,-9999,-9999,-9999,-9999,-9999,-9999,-9999,-9999,-9999,-9999,-9999,-9999,-9999,-9999,-9999,-9999,-9999,-9999,-9999,-9999,-9999,-9999,-9999,-9999,-9999,-9999,-9999,-9999,-9999,-9999,FALSE,N/A,data don't end when expected
  2022-08-10,-9999,-9999,-9999,-9999,-9999,-9999,-9999,-9999,-9999,-9999,-9999,-9999,-9999,-9999,-9999,-9999,-9999,-9999,-9999,-9999,-9999,-9999,-9999,-9999,-9999,-9999,-9999,-9999,-9999,-9999,-9999,-9999,-9999,-9999,-9999,-9999,-9999,-9999,-9999,-9999,-9999,-9999,-9999,-9999,-9999,-9999,-9999,-9999,-9999,-9999,FALSE,N/A,data don't start when expected
  2022-08-11,0.479952139767588,0.00552031120237891,0.0798301998672353,0.32027201792379,0.425438102265904,0.481796811122416,0.539873426626288,0.624213527290279,209.125653190149,1.01348793417227,-4.11311970721058,0.02369783030373,0.254852841795381,-4.54273639789418,-4.29824688305482,-4.1387790115495,-3.95493969904938,-3.54690151787506,115.654301717751,1.03265779560958,0.479952139767518,0.00552031120237811,0.0798301998672237,0.320272017923744,0.425438102265842,0.481796811122347,0.539873426626211,0.624213527290188,209.125653190149,1.01348793417227,-4.11311970721058,0.02369783030373,0.254852841795381,-4.54273639789419,-4.29824688305482,-4.1387790115495,-3.95493969904938,-3.54690151787506,115.654301717751,1.03265779560958,20.7386809930083,0.105371688720109,1.07938613722579,18.2209141795373,20.1048776521585,20.892848736833,21.4842780163569,22.442529260719,104.931478353029,1.03674268421416,TRUE,N/A,N/A
  2022-08-12,0.528004538353533,0.00500136325206004,0.0794208743353268,0.376879156466948,0.473852453287544,0.529002614828054,0.581997128619803,0.677709071264201,252.169484234129,1.01562428545911,-3.92867341608568,0.0162357445244742,0.209276429283102,-4.32911365728097,-4.07198266644723,-3.92681826805187,-3.78501142313582,-3.53212495115689,166.14841994945,1.02554137279614,0.528004538353457,0.0050013632520593,0.0794208743353153,0.376879156466893,0.473852453287475,0.529002614827977,0.581997128619719,0.677709071264103,252.16948423413,1.01562428545911,-3.92867341608568,0.0162357445244742,0.209276429283102,-4.32911365728096,-4.07198266644723,-3.92681826805187,-3.78501142313582,-3.53212495115689,166.148419949449,1.02554137279614,21.3684697674473,0.0720853865893624,0.882601997202756,19.6702906465988,20.8056889024693,21.376688468374,21.9637755610323,23.0555434659403,149.911637466495,1.0303853462596,TRUE,N/A,N/A
  2022-08-13,0.486757074671137,0.00434200074252436,0.0726204783749209,0.346800771832639,0.43739923979135,0.486413370483668,0.534595139445922,0.633645716433029,279.729599848752,1.00697003035885,-3.68911107494239,0.0157313676554509,0.194474867739314,-4.11376592123552,-3.80696712846472,-3.679865396789,-3.55857762351356,-3.33565211074357,152.824860342379,1.02934627535044,0.486757074671066,0.00434200074252376,0.0726204783749104,0.346800771832589,0.437399239791287,0.486413370483598,0.534595139445844,0.633645716432937,279.729599848749,1.00697003035885,-3.68911107494239,0.0157313676554508,0.194474867739314,-4.11376592123552,-3.80696712846473,-3.67986539678901,-3.55857762351355,-3.33565211074357,152.824860342379,1.02934627535044,21.6639660506932,0.0764910107866607,0.907855712274789,20.0742904556153,21.0844286893611,21.6088210099142,22.1798626415884,23.6955590161798,140.868166245263,1.03766225978394,TRUE,N/A,N/A
  2022-08-14,0.532270288136972,0.00405109427604073,0.0706569639027003,0.400132258375616,0.485299334138303,0.529885088906036,0.578335592860151,0.675744551311999,304.204226682976,1.00716057407702,-3.73273913422839,0.0163013767001769,0.187388836878569,-4.15642379239805,-3.83891392926801,-3.72404761731502,-3.60935797782153,-3.39866660901977,132.141387987883,1.03672487221596,0.532270288136895,0.00405109427604013,0.0706569639026901,0.400132258375558,0.485299334138232,0.52988508890596,0.578335592860067,0.675744551311901,304.204226682978,1.00716057407702,-3.73273913422839,0.0163013767001769,0.187388836878569,-4.15642379239805,-3.838913929268,-3.72404761731502,-3.60935797782152,-3.39866660901977,132.141387987883,1.03672487221596,21.8079020253439,0.0907038129192259,0.896944259640421,20.2850713972437,21.2142106814661,21.7276359379628,22.3017019264592,23.9442042092302,97.7867070864385,1.05462885788564,TRUE,N/A,N/A
  2022-08-15,0.301343538485215,0.00341142414434449,0.071789610275291,0.163900718547549,0.252184748594086,0.301293869970229,0.347884077096613,0.446711507474933,442.845008242647,1.01707020072277,-3.83912580421042,0.0181949858535602,0.211333059966896,-4.29103595036672,-3.95328881963242,-3.82442204413724,-3.70553510930367,-3.45935166083137,134.906053653553,1.0451178677848,0.301343538485172,0.003411424144344,0.0717896102752806,0.163900718547525,0.25218474859405,0.301293869970186,0.347884077096563,0.446711507474869,442.845008242647,1.01707020072277,-3.83912580421042,0.0181949858535603,0.211333059966896,-4.29103595036672,-3.95328881963242,-3.82442204413724,-3.70553510930367,-3.45935166083137,134.906053653552,1.0451178677848,21.6679178683245,0.0909347365519578,0.962231499912332,19.9489425676334,21.0957710484844,21.5743085411732,22.1474502772596,23.8738040351094,111.969442056437,1.0515658157568,TRUE,N/A,N/A
  2022-08-16,0.609057300007553,0.00591121047002816,0.078810748876287,0.454141644105705,0.554736339208797,0.608527619788189,0.663035946850939,0.761187513938342,177.753459962159,1.04239281370663,-3.94266123693746,0.0209804331970012,0.205237245787817,-4.40814476697309,-4.05685293759247,-3.92629790241909,-3.81226347558237,-3.57271568237476,95.6937235174937,1.06624013471789,0.609057300007465,0.00591121047002744,0.0788107488762756,0.454141644105639,0.554736339208717,0.608527619788101,0.663035946850843,0.761187513938232,177.753459962151,1.04239281370663,-3.94266123693746,0.0209804331970013,0.205237245787816,-4.4081447669731,-4.05685293759247,-3.9262979024191,-3.81226347558237,-3.57271568237476,95.6937235174929,1.06624013471789,21.7403295525646,0.082457753371282,0.91237306904672,20.2122726508868,21.143056051689,21.6295074768869,22.2263633547556,23.9334560271752,122.428328227052,1.05693870690488,TRUE,N/A,N/A
  2022-08-17,0.697729809993673,0.00418300606189595,0.0762879094490208,0.541480772405042,0.647530617505209,0.699658356513111,0.746123247482817,0.849496731897649,332.609339557185,1.00820807264472,-4.11975342233172,0.0152500208721104,0.204692065098615,-4.59288907472061,-4.23523113049502,-4.11108875966946,-3.98103335675723,-3.75150168758122,180.161147320762,1.0334267541662,0.697729809993573,0.00418300606189534,0.0762879094490098,0.541480772404964,0.647530617505115,0.69965835651301,0.746123247482709,0.849496731897526,332.609339557185,1.00820807264472,-4.11975342233172,0.0152500208721104,0.204692065098615,-4.59288907472062,-4.23523113049502,-4.11108875966946,-3.98103335675723,-3.75150168758122,180.161147320762,1.0334267541662,21.8469459600724,0.0828649864888982,0.932481508331581,20.2561263732169,21.2303461457132,21.7742804760692,22.3263221134194,24.1245845112916,126.630502052663,1.05247197789282,TRUE,N/A,N/A
  2022-08-18,0.835339927061346,0.00470364053521463,0.081563417290118,0.68436744258599,0.777378786490636,0.834192027719014,0.88964646205278,1.00106030903254,300.692487454736,1.01192432982108,-4.14093246906679,0.0192629497576026,0.222534924069933,-4.66561742472466,-4.25921607739211,-4.11713657113119,-3.99765799310569,-3.76247117663292,133.459892810311,1.0262220390402,0.835339927061225,0.00470364053521395,0.0815634172901062,0.684367442585891,0.777378786490524,0.834192027718893,0.889646462052652,1.00106030903239,300.692487454736,1.01192432982108,-4.14093246906679,0.0192629497576026,0.222534924069933,-4.66561742472467,-4.25921607739211,-4.11713657113119,-3.99765799310568,-3.76247117663292,133.459892810311,1.0262220390402,21.9095726980589,0.0977900081973785,1.01441643398881,20.2899019873467,21.2672469682948,21.7752872654258,22.3870591597949,24.3982268713594,107.607759151358,1.03679917670994,TRUE,N/A,N/A
  2022-08-19,0.776678908791996,0.00449542025586627,0.0782724308852985,0.629600095412602,0.721079689483342,0.775376260872825,0.830343175313572,0.931017672653574,303.163594239706,1.02120199666758,-4.25077513964791,0.018309266227246,0.214601854332407,-4.73228095079477,-4.37838330913971,-4.23130605698439,-4.10686199608282,-3.87460635684721,137.380490099589,1.04790766298952,0.776678908791884,0.00449542025586564,0.0782724308852872,0.629600095412511,0.721079689483238,0.775376260872713,0.830343175313452,0.931017672653439,303.163594239703,1.02120199666758,-4.25077513964791,0.018309266227246,0.214601854332407,-4.73228095079478,-4.37838330913971,-4.23130605698438,-4.10686199608283,-3.87460635684721,137.380490099589,1.04790766298952,21.8545001465933,0.0913566169094548,0.957668182674972,20.2759266667492,21.2500081280077,21.7441073349641,22.3447484602078,24.1594979476707,109.887957319264,1.05340575001265,TRUE,N/A,N/A
  2022-08-20,0.542216107329753,0.00366629602476663,0.0738205146636988,0.394110329939067,0.494194848458309,0.542013894573454,0.591517822557956,0.68644669766064,405.414317015181,1.00544160928619,-4.01963609520811,0.0141524384783872,0.211776171351576,-4.47714885415272,-4.14819161823913,-4.01651043939484,-3.88427760851096,-3.60717636911716,223.9193546376,1.02965945248427,0.542216107329675,0.00366629602476611,0.0738205146636882,0.39411032993901,0.494194848458238,0.542013894573376,0.591517822557871,0.68644669766054,405.414317015179,1.00544160928619,-4.01963609520811,0.0141524384783872,0.211776171351576,-4.47714885415271,-4.14819161823913,-4.01651043939484,-3.88427760851096,-3.60717636911715,223.9193546376,1.02965945248427,21.6409284482068,0.0698194659315044,0.927803585916153,19.8470618038795,21.0781199029332,21.5745377825967,22.1507191733751,23.6815225363984,176.58713013072,1.03901386993654,TRUE,N/A,N/A
  2022-08-21,0.540599584613699,0.00438940869249706,0.0750756184183121,0.391126215139156,0.490153528446232,0.541881715431257,0.589699543982581,0.681540135197287,292.540364284587,1.02525023940017,-3.92931416743429,0.0184332832564663,0.20536491451688,-4.37117207771644,-4.05066778166518,-3.91604678021814,-3.79736841340181,-3.55834747415189,124.121525321258,1.04951587322561,0.540599584613621,0.0043894086924964,0.0750756184183013,0.391126215139099,0.490153528446161,0.541881715431179,0.589699543982496,0.681540135197189,292.540364284591,1.02525023940017,-3.92931416743429,0.0184332832564662,0.20536491451688,-4.37117207771644,-4.05066778166518,-3.91604678021815,-3.79736841340181,-3.55834747415189,124.121525321259,1.04951587322561,21.8333657797287,0.0937540630119341,0.936849337918094,20.1927996606815,21.2329163557141,21.7514038721161,22.2907896806921,24.0493163815364,99.8525850895115,1.05918378400188,TRUE,N/A,N/A
  2022-08-22,0.57725318048552,0.00456549829039169,0.0736836878865558,0.43443810364447,0.528109919263467,0.577828333675232,0.626638979651047,0.723698225357965,260.475175655397,1.02912438895197,-3.96235151852184,0.0179387632922601,0.204971446557771,-4.39505859330019,-4.08521629568654,-3.95749172962568,-3.8261540935468,-3.56911965282657,130.557472451379,1.04910208682397,0.577253180485437,0.00456549829039106,0.0736836878865451,0.434438103644407,0.528109919263391,0.577828333675149,0.626638979650956,0.72369822535786,260.475175655394,1.02912438895197,-3.96235151852184,0.0179387632922602,0.204971446557771,-4.3950585933002,-4.08521629568655,-3.95749172962568,-3.8261540935468,-3.56911965282657,130.557472451379,1.04910208682397,21.6903807972797,0.086651857411547,0.925175030976931,19.9369144488549,21.0922221952314,21.629176981919,22.2020538401014,23.6865456679343,113.996640781113,1.05725049035315,TRUE,N/A,N/A
  2022-08-23,0.50202709978032,0.00423196278657557,0.074639892049251,0.361363944815753,0.452258553151981,0.499989866942748,0.551211359845905,0.657551319000818,311.070140266673,1.02111579426385,-3.68597022057651,0.0179159901791447,0.204109769928359,-4.13941414595127,-3.80241983858374,-3.67179455968958,-3.55109931214689,-3.32234376885221,129.791411338261,1.04874253557817,0.502027099780247,0.00423196278657494,0.0746398920492403,0.3613639448157,0.452258553151915,0.499989866942676,0.551211359845826,0.657551319000723,311.070140266676,1.02111579426385,-3.68597022057651,0.0179159901791447,0.204109769928359,-4.13941414595127,-3.80241983858374,-3.67179455968958,-3.55109931214689,-3.32234376885222,129.791411338261,1.04874253557817,21.8188278166176,0.0986375870130043,0.983555993983543,20.1617629924577,21.2015236999329,21.7159191321799,22.276774391511,24.0570366360562,99.4290522577965,1.05811457772409,TRUE,N/A,N/A
  2022-08-24,0.492887269694109,0.00423004897912937,0.0724235576293298,0.354091924419702,0.445049678677295,0.492669353952864,0.540700965057043,0.636070841357229,293.135837914092,1.02121982501643,-3.67556162078981,0.0170262413531766,0.194620880029652,-4.08774312638452,-3.78738575247631,-3.67169544139887,-3.55360415424406,-3.3066808561143,130.659590651948,1.05306184774731,0.492887269694038,0.00423004897912877,0.0724235576293194,0.354091924419651,0.445049678677231,0.492669353952793,0.540700965056965,0.636070841357138,293.135837914092,1.02121982501643,-3.67556162078981,0.0170262413531766,0.194620880029652,-4.08774312638452,-3.78738575247631,-3.67169544139887,-3.55360415424405,-3.3066808561143,130.659590651948,1.05306184774731,21.7032935188387,0.0871902412445631,0.925588627264751,20.036141288704,21.1540510386558,21.6287061380896,22.1917430932942,23.8613164561986,112.693861642231,1.06510956708923,TRUE,N/A,N/A
  2022-08-25,0.580533592051923,0.00404133099297264,0.0736638037635102,0.438990848787307,0.53122569660448,0.578330980384327,0.627557143374999,0.731853252245743,332.245753166313,1.00798926036288,-3.73390982528584,0.0165035867093201,0.200200654266284,-4.17991477160748,-3.85232281385341,-3.71873033058559,-3.60281186220328,-3.38159144094699,147.154757140104,1.02936368307377,0.580533592051839,0.00404133099297206,0.0736638037634996,0.438990848787243,0.531225696604403,0.578330980384243,0.627557143374909,0.731853252245638,332.245753166313,1.00798926036289,-3.73390982528584,0.0165035867093201,0.200200654266284,-4.17991477160747,-3.85232281385341,-3.71873033058558,-3.60281186220327,-3.38159144094699,147.154757140104,1.02936368307377,21.7591440080234,0.08452880870722,0.950940555602184,20.1055279654929,21.1673424126118,21.6710140807608,22.253987410622,23.9668480911873,126.560226194116,1.04077233785681,TRUE,N/A,N/A
  2022-08-26,0.491390215760382,0.00423492057749759,0.0694555725114299,0.350922714950388,0.445162025020175,0.493358436585327,0.537395020325269,0.626135084715955,268.982268016012,1.01279941575936,-3.57449391907128,0.0166893139377876,0.193118293349024,-4.04031230723978,-3.67884499095948,-3.55824208742318,-3.44832095817478,-3.24785327381989,133.896696208315,1.03205530112844,0.491390215760311,0.00423492057749696,0.0694555725114198,0.350922714950337,0.445162025020111,0.493358436585256,0.537395020325191,0.626135084715865,268.982268016015,1.01279941575936,-3.57449391907128,0.0166893139377876,0.193118293349023,-4.04031230723977,-3.67884499095948,-3.55824208742317,-3.44832095817478,-3.24785327381988,133.896696208315,1.03205530112844,21.8219759640817,0.0974810315310905,0.972993083936611,20.2464451581085,21.2217511674622,21.6987106885251,22.28568867854,24.0817104720188,99.6275095751962,1.04879564728833,TRUE,N/A,N/A
  2022-08-27,0.611003350656049,0.00377869621399904,0.0693725648152015,0.47960794314428,0.563858868843833,0.610013188301744,0.658960465084422,0.749687478128128,337.047838057298,1.02148731650603,-3.19662331690037,0.0127894453583494,0.166448200417908,-3.52240602664843,-3.30562135100718,-3.19554641645351,-3.08716029335508,-2.8680057323684,169.37713657939,1.035501784095,0.611003350655961,0.00377869621399853,0.0693725648151915,0.479607943144211,0.563858868843752,0.610013188301656,0.658960465084327,0.74968747812802,337.047838057293,1.02148731650603,-3.19662331690037,0.0127894453583494,0.166448200417908,-3.52240602664844,-3.30562135100718,-3.19554641645351,-3.08716029335508,-2.86800573236839,169.37713657939,1.035501784095,21.3804235938153,0.0704488095877499,0.860287574827306,19.61644120507,20.8402842068345,21.3959468343902,21.9315806842752,23.0911492877536,149.121403607382,1.03977859638347,TRUE,N/A,N/A
  2022-08-28,0.331661095697773,0.00354825125585602,0.0676516326726181,0.199548070307743,0.285138289871087,0.333141411878866,0.37725654089927,0.465068170934763,363.519601768739,1.02102234156352,-3.00844393776156,0.0171666279258446,0.178619595716914,-3.42474128683376,-3.10353263629435,-2.99383876952939,-2.89527766817937,-2.70253168972923,108.265033762508,1.05229020108916,0.331661095697725,0.00354825125585552,0.0676516326726084,0.199548070307714,0.285138289871046,0.333141411878818,0.377256540899216,0.465068170934696,363.519601768736,1.02102234156352,-3.00844393776156,0.0171666279258446,0.178619595716914,-3.42474128683375,-3.10353263629435,-2.99383876952939,-2.89527766817937,-2.70253168972923,108.265033762508,1.05229020108916,21.9220122060577,0.107794568185059,1.00955739146486,20.3513821489279,21.2702977358772,21.7832239776043,22.3785763987661,24.399932983069,87.7138697137996,1.06263912635722,TRUE,N/A,N/A
  2022-08-29,0.380591191078736,0.0055300465321582604,0.0722077626235267,0.246471886165155,0.329988744691656,0.379289449712007,0.428437918659119,0.523215419251048,170.494434058648,1.01836149227217,-3.12651274482206,0.0171310813628727,0.185425935178219,-3.5613869299821,-3.23343633197193,-3.11236158462189,-2.99681260142597,-2.81119021944604,117.15785197817,1.04403412667604,0.380591191078681,0.0055300465321575,0.0722077626235163,0.24647188616512,0.329988744691608,0.379289449711952,0.428437918659058,0.523215419250973,170.494434058646,1.01836149227217,-3.12651274482206,0.0171310813628727,0.185425935178219,-3.56138692998211,-3.23343633197193,-3.11236158462189,-2.99681260142597,-2.81119021944604,117.15785197817,1.04403412667604,21.8678713347155,0.0925451878649205,1.01605607955802,20.1958826939859,21.2359769351033,21.7446063066118,22.3478313158676,24.3521427419043,120.539025151617,1.04797493400327,TRUE,N/A,N/A
  2022-08-30,-9999,-9999,-9999,-9999,-9999,-9999,-9999,-9999,-9999,-9999,-9999,-9999,-9999,-9999,-9999,-9999,-9999,-9999,-9999,-9999,-9999,-9999,-9999,-9999,-9999,-9999,-9999,-9999,-9999,-9999,-9999,-9999,-9999,-9999,-9999,-9999,-9999,-9999,-9999,-9999,-9999,-9999,-9999,-9999,-9999,-9999,-9999,-9999,-9999,-9999,FALSE,N/A,data don't end when expected
